{ "Preset_000" : { "10_key_led_green" : "True", "10_key_led_red" : "None", "10_key_modline2_cc" : 0, "10_key_modline2_destination" : "None", "10_key_modline2_max" : 127, "10_key_modline2_min" : 1, "10_key_modline2_source" : "None", "10_key_modline_cc" : 29, "10_key_modline_destination" : "Note_Set", "10_key_modline_gain" : 1.0, "10_key_modline_max" : 127, "10_key_modline_min" : 0, "10_key_modline_slew" : 0, "10_key_modline_source" : "Foot_On", "10_key_modline_table" : "1_Lin", "10_key_name" : "A", "10_key_noteNum" : 69, "10_key_noteToggle" : 0, "10_key_noteVelocity" : 127, "10_key_pressureCC" : 29, "10_key_pressureSmooth" : 0, "10_key_programBank" : 0, "10_key_programNum" : 0, "10_key_setting_yAccel" : 85, "10_key_source" : "sourceNote", "10_key_toggleCC" : 21, "10_key_toggleHi" : 127, "10_key_toggleLo" : 0, "10_key_xyLatch" : 0, "10_key_xyXCC" : 22, "10_key_xyYCC" : 23, "10_key_yIncCC" : 24, "10_key_yIncSpeed" : 0, "1_key_led_green" : "True", "1_key_led_red" : "None", "1_key_modline2_cc" : -1, "1_key_modline2_destination" : "CC", "1_key_modline2_max" : 127, "1_key_modline2_min" : 0, "1_key_modline2_source" : "None", "1_key_modline_cc" : 21, "1_key_modline_destination" : "Note_Set", "1_key_modline_gain" : 1.0, "1_key_modline_max" : 127, "1_key_modline_min" : 0, "1_key_modline_slew" : 0, "1_key_modline_source" : "Foot_On", "1_key_modline_table" : "1_Lin", "1_key_name" : "C", "1_key_noteNum" : 60, "1_key_noteToggle" : 0, "1_key_noteVelocity" : 127, "1_key_pressureCC" : 20, "1_key_pressureSmooth" : 0, "1_key_programBank" : 0, "1_key_programNum" : 0, "1_key_setting_yAccel" : 0, "1_key_source" : "sourceNote", "1_key_toggleCC" : 21, "1_key_toggleHi" : 127, "1_key_toggleLo" : 0, "1_key_xyLatch" : 1, "1_key_xyXCC" : -1, "1_key_xyYCC" : -1, "1_key_yIncCC" : 21, "1_key_yIncSpeed" : 0, "2_key_led_green" : "True", "2_key_led_red" : "None", "2_key_modline2_cc" : 25, "2_key_modline2_destination" : "None", "2_key_modline2_max" : 127, "2_key_modline2_min" : 0, "2_key_modline2_source" : "None", "2_key_modline_cc" : 24, "2_key_modline_destination" : "Note_Set", "2_key_modline_gain" : 1.0, "2_key_modline_max" : 127, "2_key_modline_min" : 0, "2_key_modline_slew" : 0, "2_key_modline_source" : "Foot_On", "2_key_modline_table" : "1_Lin", "2_key_name" : "CSHP", "2_key_noteNum" : 61, "2_key_noteToggle" : 0, "2_key_noteVelocity" : 127, "2_key_pressureCC" : 21, "2_key_pressureSmooth" : 0, "2_key_programBank" : 0, "2_key_programNum" : 0, "2_key_setting_yAccel" : 85, "2_key_source" : "sourceNote", "2_key_toggleCC" : 21, "2_key_toggleHi" : 127, "2_key_toggleLo" : 0, "2_key_xyLatch" : 0, "2_key_xyXCC" : 24, "2_key_xyYCC" : 25, "2_key_yIncCC" : 24, "2_key_yIncSpeed" : 0, "3_key_led_green" : "True", "3_key_led_red" : "None", "3_key_modline2_cc" : 0, "3_key_modline2_destination" : "None", "3_key_modline2_max" : 127, "3_key_modline2_min" : 1, "3_key_modline2_source" : "None", "3_key_modline_cc" : 22, "3_key_modline_destination" : "Note_Set", "3_key_modline_gain" : 1.0, "3_key_modline_max" : 127, "3_key_modline_min" : 0, "3_key_modline_slew" : 0, "3_key_modline_source" : "Foot_On", "3_key_modline_table" : "1_Lin", "3_key_name" : "D", "3_key_noteNum" : 62, "3_key_noteToggle" : 0, "3_key_noteVelocity" : 127, "3_key_pressureCC" : 22, "3_key_pressureSmooth" : 0, "3_key_programBank" : 0, "3_key_programNum" : 0, "3_key_setting_yAccel" : 85, "3_key_source" : "sourceNote", "3_key_toggleCC" : 21, "3_key_toggleHi" : 127, "3_key_toggleLo" : 0, "3_key_xyLatch" : 0, "3_key_xyXCC" : 22, "3_key_xyYCC" : 23, "3_key_yIncCC" : 24, "3_key_yIncSpeed" : 0, "4_key_led_green" : "True", "4_key_led_red" : "None", "4_key_modline2_cc" : 0, "4_key_modline2_destination" : "None", "4_key_modline2_max" : 127, "4_key_modline2_min" : 1, "4_key_modline2_source" : "None", "4_key_modline_cc" : 0, "4_key_modline_destination" : "Note_Set", "4_key_modline_gain" : 1.0, "4_key_modline_max" : 127, "4_key_modline_min" : 0, "4_key_modline_slew" : 0, "4_key_modline_source" : "Foot_On", "4_key_modline_table" : "1_Lin", "4_key_name" : "DSHP", "4_key_noteNum" : 63, "4_key_noteToggle" : 0, "4_key_noteVelocity" : 127, "4_key_pressureCC" : 0, "4_key_pressureSmooth" : 0, "4_key_programBank" : 0, "4_key_programNum" : 0, "4_key_setting_yAccel" : 85, "4_key_source" : "sourceNote", "4_key_toggleCC" : 21, "4_key_toggleHi" : 127, "4_key_toggleLo" : 0, "4_key_xyLatch" : 0, "4_key_xyXCC" : 22, "4_key_xyYCC" : 23, "4_key_yIncCC" : 24, "4_key_yIncSpeed" : 0, "5_key_led_green" : "True", "5_key_led_red" : "None", "5_key_modline2_cc" : 0, "5_key_modline2_destination" : "None", "5_key_modline2_max" : 127, "5_key_modline2_min" : 1, "5_key_modline2_source" : "None", "5_key_modline_cc" : 24, "5_key_modline_destination" : "Note_Set", "5_key_modline_gain" : 1.0, "5_key_modline_max" : 127, "5_key_modline_min" : 0, "5_key_modline_slew" : 0, "5_key_modline_source" : "Foot_On", "5_key_modline_table" : "1_Lin", "5_key_name" : "E", "5_key_noteNum" : 64, "5_key_noteToggle" : 0, "5_key_noteVelocity" : 127, "5_key_pressureCC" : 24, "5_key_pressureSmooth" : 0, "5_key_programBank" : 0, "5_key_programNum" : 0, "5_key_setting_yAccel" : 85, "5_key_source" : "sourceNote", "5_key_toggleCC" : 21, "5_key_toggleHi" : 127, "5_key_toggleLo" : 0, "5_key_xyLatch" : 0, "5_key_xyXCC" : 22, "5_key_xyYCC" : 23, "5_key_yIncCC" : 24, "5_key_yIncSpeed" : 0, "6_key_led_green" : "True", "6_key_led_red" : "None", "6_key_modline2_cc" : 27, "6_key_modline2_destination" : "None", "6_key_modline2_max" : 127, "6_key_modline2_min" : 0, "6_key_modline2_source" : "None", "6_key_modline_cc" : 26, "6_key_modline_destination" : "Note_Set", "6_key_modline_gain" : 1.0, "6_key_modline_max" : 127, "6_key_modline_min" : 0, "6_key_modline_slew" : 0, "6_key_modline_source" : "Foot_On", "6_key_modline_table" : "1_Lin", "6_key_name" : "F", "6_key_noteNum" : 65, "6_key_noteToggle" : 0, "6_key_noteVelocity" : 127, "6_key_pressureCC" : 25, "6_key_pressureSmooth" : 0, "6_key_programBank" : 0, "6_key_programNum" : 0, "6_key_setting_yAccel" : 85, "6_key_source" : "sourceNote", "6_key_toggleCC" : 21, "6_key_toggleHi" : 127, "6_key_toggleLo" : 0, "6_key_xyLatch" : 0, "6_key_xyXCC" : 26, "6_key_xyYCC" : 27, "6_key_yIncCC" : 24, "6_key_yIncSpeed" : 0, "7_key_led_green" : "True", "7_key_led_red" : "None", "7_key_modline2_cc" : 29, "7_key_modline2_destination" : "None", "7_key_modline2_max" : 127, "7_key_modline2_min" : 0, "7_key_modline2_source" : "None", "7_key_modline_cc" : 28, "7_key_modline_destination" : "Note_Set", "7_key_modline_gain" : 1.0, "7_key_modline_max" : 127, "7_key_modline_min" : 0, "7_key_modline_slew" : 0, "7_key_modline_source" : "Foot_On", "7_key_modline_table" : "1_Lin", "7_key_name" : "FSHP", "7_key_noteNum" : 66, "7_key_noteToggle" : 0, "7_key_noteVelocity" : 127, "7_key_pressureCC" : 26, "7_key_pressureSmooth" : 0, "7_key_programBank" : 0, "7_key_programNum" : 0, "7_key_setting_yAccel" : 85, "7_key_source" : "sourceNote", "7_key_toggleCC" : 21, "7_key_toggleHi" : 127, "7_key_toggleLo" : 0, "7_key_xyLatch" : 0, "7_key_xyXCC" : 28, "7_key_xyYCC" : 29, "7_key_yIncCC" : 24, "7_key_yIncSpeed" : 0, "8_key_led_green" : "True", "8_key_led_red" : "None", "8_key_modline2_cc" : 0, "8_key_modline2_destination" : "None", "8_key_modline2_max" : 127, "8_key_modline2_min" : 1, "8_key_modline2_source" : "None", "8_key_modline_cc" : 27, "8_key_modline_destination" : "Note_Set", "8_key_modline_gain" : 1.0, "8_key_modline_max" : 127, "8_key_modline_min" : 0, "8_key_modline_slew" : 0, "8_key_modline_source" : "Foot_On", "8_key_modline_table" : "1_Lin", "8_key_name" : "G", "8_key_noteNum" : 67, "8_key_noteToggle" : 0, "8_key_noteVelocity" : 127, "8_key_pressureCC" : 27, "8_key_pressureSmooth" : 0, "8_key_programBank" : 0, "8_key_programNum" : 0, "8_key_setting_yAccel" : 85, "8_key_source" : "sourceNote", "8_key_toggleCC" : 21, "8_key_toggleHi" : 127, "8_key_toggleLo" : 0, "8_key_xyLatch" : 0, "8_key_xyXCC" : 22, "8_key_xyYCC" : 23, "8_key_yIncCC" : 24, "8_key_yIncSpeed" : 0, "9_key_led_green" : "True", "9_key_led_red" : "None", "9_key_modline2_cc" : 0, "9_key_modline2_destination" : "None", "9_key_modline2_max" : 127, "9_key_modline2_min" : 1, "9_key_modline2_source" : "None", "9_key_modline_cc" : 28, "9_key_modline_destination" : "Note_Set", "9_key_modline_gain" : 1.0, "9_key_modline_max" : 127, "9_key_modline_min" : 0, "9_key_modline_slew" : 0, "9_key_modline_source" : "Foot_On", "9_key_modline_table" : "1_Lin", "9_key_name" : "GSHP", "9_key_noteNum" : 68, "9_key_noteToggle" : 0, "9_key_noteVelocity" : 127, "9_key_pressureCC" : 28, "9_key_pressureSmooth" : 0, "9_key_programBank" : 0, "9_key_programNum" : 0, "9_key_setting_yAccel" : 85, "9_key_source" : "sourceNote", "9_key_toggleCC" : 21, "9_key_toggleHi" : 127, "9_key_toggleLo" : 0, "9_key_xyLatch" : 0, "9_key_xyXCC" : 22, "9_key_xyYCC" : 23, "9_key_yIncCC" : 24, "9_key_yIncSpeed" : 0, "displayName" : "NOTE", "midiChannel" : 1, "navPadCC" : 0, "pedalCC" : 102, "useFactory" : "No" }, "Preset_001" : { "10_key_led_green" : "True", "10_key_led_red" : "None", "10_key_modline2_cc" : 0, "10_key_modline2_destination" : "Program", "10_key_modline2_max" : 0, "10_key_modline2_min" : 0, "10_key_modline2_source" : "None", "10_key_modline_cc" : 120, "10_key_modline_destination" : "CC", "10_key_modline_gain" : 1.0, "10_key_modline_max" : 127, "10_key_modline_min" : 0, "10_key_modline_slew" : 0, "10_key_modline_source" : "Pressure_Live", "10_key_modline_table" : "1_Lin", "10_key_name" : "TEN", "10_key_noteNum" : 70, "10_key_noteToggle" : 1, "10_key_noteVelocity" : 127, "10_key_pressureCC" : 120, "10_key_pressureSmooth" : 0, "10_key_programBank" : 0, "10_key_programNum" : 0, "10_key_setting_yAccel" : 85, "10_key_source" : "sourcePressure", "10_key_toggleCC" : 21, "10_key_toggleHi" : 127, "10_key_toggleLo" : 0, "10_key_xyLatch" : 0, "10_key_xyXCC" : 22, "10_key_xyYCC" : 23, "10_key_yIncCC" : 24, "10_key_yIncSpeed" : 0, "1_key_led_green" : "True", "1_key_led_red" : "None", "1_key_modline2_cc" : 0, "1_key_modline2_destination" : "Program", "1_key_modline2_max" : 1, "1_key_modline2_min" : 1, "1_key_modline2_source" : "None", "1_key_modline_cc" : 111, "1_key_modline_destination" : "CC", "1_key_modline_gain" : 1.0, "1_key_modline_max" : 127, "1_key_modline_min" : 0, "1_key_modline_slew" : 0, "1_key_modline_source" : "Pressure_Live", "1_key_modline_table" : "1_Lin", "1_key_name" : "ONE", "1_key_noteNum" : 61, "1_key_noteToggle" : 1, "1_key_noteVelocity" : 127, "1_key_pressureCC" : 111, "1_key_pressureSmooth" : 0, "1_key_programBank" : 0, "1_key_programNum" : 1, "1_key_setting_yAccel" : 0, "1_key_source" : "sourcePressure", "1_key_toggleCC" : 21, "1_key_toggleHi" : 127, "1_key_toggleLo" : 0, "1_key_xyLatch" : 0, "1_key_xyXCC" : 22, "1_key_xyYCC" : 23, "1_key_yIncCC" : 22, "1_key_yIncSpeed" : 0, "2_key_led_green" : "True", "2_key_led_red" : "None", "2_key_modline2_cc" : 0, "2_key_modline2_destination" : "Program", "2_key_modline2_max" : 0, "2_key_modline2_min" : 0, "2_key_modline2_source" : "None", "2_key_modline_cc" : 112, "2_key_modline_destination" : "CC", "2_key_modline_gain" : 1.0, "2_key_modline_max" : 127, "2_key_modline_min" : 0, "2_key_modline_slew" : 0, "2_key_modline_source" : "Pressure_Live", "2_key_modline_table" : "1_Lin", "2_key_name" : "TWO", "2_key_noteNum" : 62, "2_key_noteToggle" : 1, "2_key_noteVelocity" : 127, "2_key_pressureCC" : 112, "2_key_pressureSmooth" : 0, "2_key_programBank" : 0, "2_key_programNum" : 0, "2_key_setting_yAccel" : 85, "2_key_source" : "sourcePressure", "2_key_toggleCC" : 21, "2_key_toggleHi" : 127, "2_key_toggleLo" : 0, "2_key_xyLatch" : 0, "2_key_xyXCC" : 22, "2_key_xyYCC" : 23, "2_key_yIncCC" : 24, "2_key_yIncSpeed" : 0, "3_key_led_green" : "True", "3_key_led_red" : "None", "3_key_modline2_cc" : 0, "3_key_modline2_destination" : "Program", "3_key_modline2_max" : 0, "3_key_modline2_min" : 0, "3_key_modline2_source" : "None", "3_key_modline_cc" : 113, "3_key_modline_destination" : "CC", "3_key_modline_gain" : 1.0, "3_key_modline_max" : 127, "3_key_modline_min" : 0, "3_key_modline_slew" : 0, "3_key_modline_source" : "Pressure_Live", "3_key_modline_table" : "1_Lin", "3_key_name" : "THRE", "3_key_noteNum" : 63, "3_key_noteToggle" : 1, "3_key_noteVelocity" : 127, "3_key_pressureCC" : 113, "3_key_pressureSmooth" : 0, "3_key_programBank" : 0, "3_key_programNum" : 0, "3_key_setting_yAccel" : 85, "3_key_source" : "sourcePressure", "3_key_toggleCC" : 21, "3_key_toggleHi" : 127, "3_key_toggleLo" : 0, "3_key_xyLatch" : 0, "3_key_xyXCC" : 22, "3_key_xyYCC" : 23, "3_key_yIncCC" : 24, "3_key_yIncSpeed" : 0, "4_key_led_green" : "True", "4_key_led_red" : "None", "4_key_modline2_cc" : 0, "4_key_modline2_destination" : "Program", "4_key_modline2_max" : 0, "4_key_modline2_min" : 0, "4_key_modline2_source" : "None", "4_key_modline_cc" : 114, "4_key_modline_destination" : "CC", "4_key_modline_gain" : 1.0, "4_key_modline_max" : 127, "4_key_modline_min" : 0, "4_key_modline_slew" : 0, "4_key_modline_source" : "Pressure_Live", "4_key_modline_table" : "1_Lin", "4_key_name" : "FOUR", "4_key_noteNum" : 64, "4_key_noteToggle" : 1, "4_key_noteVelocity" : 127, "4_key_pressureCC" : 114, "4_key_pressureSmooth" : 0, "4_key_programBank" : 0, "4_key_programNum" : 0, "4_key_setting_yAccel" : 85, "4_key_source" : "sourcePressure", "4_key_toggleCC" : 21, "4_key_toggleHi" : 127, "4_key_toggleLo" : 0, "4_key_xyLatch" : 0, "4_key_xyXCC" : 22, "4_key_xyYCC" : 23, "4_key_yIncCC" : 24, "4_key_yIncSpeed" : 0, "5_key_led_green" : "True", "5_key_led_red" : "None", "5_key_modline2_cc" : 0, "5_key_modline2_destination" : "Program", "5_key_modline2_max" : 0, "5_key_modline2_min" : 0, "5_key_modline2_source" : "None", "5_key_modline_cc" : 115, "5_key_modline_destination" : "CC", "5_key_modline_gain" : 1.0, "5_key_modline_max" : 127, "5_key_modline_min" : 0, "5_key_modline_slew" : 0, "5_key_modline_source" : "Pressure_Live", "5_key_modline_table" : "1_Lin", "5_key_name" : "FIVE", "5_key_noteNum" : 65, "5_key_noteToggle" : 1, "5_key_noteVelocity" : 127, "5_key_pressureCC" : 115, "5_key_pressureSmooth" : 0, "5_key_programBank" : 0, "5_key_programNum" : 0, "5_key_setting_yAccel" : 85, "5_key_source" : "sourcePressure", "5_key_toggleCC" : 21, "5_key_toggleHi" : 127, "5_key_toggleLo" : 0, "5_key_xyLatch" : 0, "5_key_xyXCC" : 22, "5_key_xyYCC" : 23, "5_key_yIncCC" : 24, "5_key_yIncSpeed" : 0, "6_key_led_green" : "True", "6_key_led_red" : "None", "6_key_modline2_cc" : 0, "6_key_modline2_destination" : "Program", "6_key_modline2_max" : 0, "6_key_modline2_min" : 0, "6_key_modline2_source" : "None", "6_key_modline_cc" : 116, "6_key_modline_destination" : "CC", "6_key_modline_gain" : 1.0, "6_key_modline_max" : 127, "6_key_modline_min" : 0, "6_key_modline_slew" : 0, "6_key_modline_source" : "Pressure_Live", "6_key_modline_table" : "1_Lin", "6_key_name" : "SIX", "6_key_noteNum" : 66, "6_key_noteToggle" : 1, "6_key_noteVelocity" : 127, "6_key_pressureCC" : 116, "6_key_pressureSmooth" : 0, "6_key_programBank" : 0, "6_key_programNum" : 0, "6_key_setting_yAccel" : 85, "6_key_source" : "sourcePressure", "6_key_toggleCC" : 21, "6_key_toggleHi" : 127, "6_key_toggleLo" : 0, "6_key_xyLatch" : 0, "6_key_xyXCC" : 22, "6_key_xyYCC" : 23, "6_key_yIncCC" : 24, "6_key_yIncSpeed" : 0, "7_key_led_green" : "True", "7_key_led_red" : "None", "7_key_modline2_cc" : 0, "7_key_modline2_destination" : "Program", "7_key_modline2_max" : 0, "7_key_modline2_min" : 0, "7_key_modline2_source" : "None", "7_key_modline_cc" : 117, "7_key_modline_destination" : "CC", "7_key_modline_gain" : 1.0, "7_key_modline_max" : 127, "7_key_modline_min" : 0, "7_key_modline_slew" : 0, "7_key_modline_source" : "Pressure_Live", "7_key_modline_table" : "1_Lin", "7_key_name" : "SEVN", "7_key_noteNum" : 67, "7_key_noteToggle" : 1, "7_key_noteVelocity" : 127, "7_key_pressureCC" : 117, "7_key_pressureSmooth" : 0, "7_key_programBank" : 0, "7_key_programNum" : 0, "7_key_setting_yAccel" : 85, "7_key_source" : "sourcePressure", "7_key_toggleCC" : 21, "7_key_toggleHi" : 127, "7_key_toggleLo" : 0, "7_key_xyLatch" : 0, "7_key_xyXCC" : 22, "7_key_xyYCC" : 23, "7_key_yIncCC" : 24, "7_key_yIncSpeed" : 0, "8_key_led_green" : "True", "8_key_led_red" : "None", "8_key_modline2_cc" : 0, "8_key_modline2_destination" : "Program", "8_key_modline2_max" : 0, "8_key_modline2_min" : 0, "8_key_modline2_source" : "None", "8_key_modline_cc" : 118, "8_key_modline_destination" : "CC", "8_key_modline_gain" : 1.0, "8_key_modline_max" : 127, "8_key_modline_min" : 0, "8_key_modline_slew" : 0, "8_key_modline_source" : "Pressure_Live", "8_key_modline_table" : "1_Lin", "8_key_name" : "EGHT", "8_key_noteNum" : 68, "8_key_noteToggle" : 1, "8_key_noteVelocity" : 127, "8_key_pressureCC" : 118, "8_key_pressureSmooth" : 0, "8_key_programBank" : 0, "8_key_programNum" : 0, "8_key_setting_yAccel" : 85, "8_key_source" : "sourcePressure", "8_key_toggleCC" : 21, "8_key_toggleHi" : 127, "8_key_toggleLo" : 0, "8_key_xyLatch" : 0, "8_key_xyXCC" : 22, "8_key_xyYCC" : 23, "8_key_yIncCC" : 24, "8_key_yIncSpeed" : 0, "9_key_led_green" : "True", "9_key_led_red" : "None", "9_key_modline2_cc" : 0, "9_key_modline2_destination" : "Program", "9_key_modline2_max" : 0, "9_key_modline2_min" : 0, "9_key_modline2_source" : "None", "9_key_modline_cc" : 119, "9_key_modline_destination" : "CC", "9_key_modline_gain" : 1.0, "9_key_modline_max" : 127, "9_key_modline_min" : 0, "9_key_modline_slew" : 0, "9_key_modline_source" : "Pressure_Live", "9_key_modline_table" : "1_Lin", "9_key_name" : "NINE", "9_key_noteNum" : 69, "9_key_noteToggle" : 1, "9_key_noteVelocity" : 127, "9_key_pressureCC" : 119, "9_key_pressureSmooth" : 0, "9_key_programBank" : 0, "9_key_programNum" : 0, "9_key_setting_yAccel" : 85, "9_key_source" : "sourcePressure", "9_key_toggleCC" : 21, "9_key_toggleHi" : 127, "9_key_toggleLo" : 0, "9_key_xyLatch" : 0, "9_key_xyXCC" : 22, "9_key_xyYCC" : 23, "9_key_yIncCC" : 24, "9_key_yIncSpeed" : 0, "displayName" : "PRES", "midiChannel" : 1, "navPadCC" : -1, "pedalCC" : 102, "useFactory" : "No" }, "Preset_002" : { "10_key_led_green" : "True", "10_key_led_red" : "None", "10_key_modline2_cc" : 0, "10_key_modline2_destination" : "None", "10_key_modline2_max" : 127, "10_key_modline2_min" : 1, "10_key_modline2_source" : "None", "10_key_modline_cc" : 30, "10_key_modline_destination" : "CC", "10_key_modline_gain" : 1.0, "10_key_modline_max" : 127, "10_key_modline_min" : 0, "10_key_modline_slew" : 0, "10_key_modline_source" : "Foot_On", "10_key_modline_table" : "Toggle_127", "10_key_name" : "TEN", "10_key_noteNum" : 70, "10_key_noteToggle" : 1, "10_key_noteVelocity" : 127, "10_key_pressureCC" : 20, "10_key_pressureSmooth" : 0, "10_key_programBank" : 0, "10_key_programNum" : 0, "10_key_setting_yAccel" : 85, "10_key_source" : "sourceToggle", "10_key_toggleCC" : 30, "10_key_toggleHi" : 127, "10_key_toggleLo" : 0, "10_key_xyLatch" : 0, "10_key_xyXCC" : 22, "10_key_xyYCC" : 23, "10_key_yIncCC" : 24, "10_key_yIncSpeed" : 0, "1_key_led_green" : "True", "1_key_led_red" : "None", "1_key_modline2_cc" : 0, "1_key_modline2_destination" : "None", "1_key_modline2_max" : 127, "1_key_modline2_min" : 1, "1_key_modline2_source" : "None", "1_key_modline_cc" : 21, "1_key_modline_destination" : "CC", "1_key_modline_gain" : 1.0, "1_key_modline_max" : 127, "1_key_modline_min" : 0, "1_key_modline_slew" : 0, "1_key_modline_source" : "Foot_On", "1_key_modline_table" : "Toggle_127", "1_key_name" : "ONE", "1_key_noteNum" : 61, "1_key_noteToggle" : 1, "1_key_noteVelocity" : 127, "1_key_pressureCC" : 20, "1_key_pressureSmooth" : 0, "1_key_programBank" : 0, "1_key_programNum" : 0, "1_key_setting_yAccel" : 85, "1_key_source" : "sourceToggle", "1_key_toggleCC" : 21, "1_key_toggleHi" : 127, "1_key_toggleLo" : 0, "1_key_xyLatch" : 0, "1_key_xyXCC" : 22, "1_key_xyYCC" : 23, "1_key_yIncCC" : 24, "1_key_yIncSpeed" : 0, "2_key_led_green" : "True", "2_key_led_red" : "None", "2_key_modline2_cc" : 0, "2_key_modline2_destination" : "None", "2_key_modline2_max" : 127, "2_key_modline2_min" : 1, "2_key_modline2_source" : "None", "2_key_modline_cc" : 22, "2_key_modline_destination" : "CC", "2_key_modline_gain" : 1.0, "2_key_modline_max" : 127, "2_key_modline_min" : 0, "2_key_modline_slew" : 0, "2_key_modline_source" : "Foot_On", "2_key_modline_table" : "Toggle_127", "2_key_name" : "TWO", "2_key_noteNum" : 62, "2_key_noteToggle" : 1, "2_key_noteVelocity" : 127, "2_key_pressureCC" : 20, "2_key_pressureSmooth" : 0, "2_key_programBank" : 0, "2_key_programNum" : 0, "2_key_setting_yAccel" : 85, "2_key_source" : "sourceToggle", "2_key_toggleCC" : 22, "2_key_toggleHi" : 127, "2_key_toggleLo" : 0, "2_key_xyLatch" : 0, "2_key_xyXCC" : 22, "2_key_xyYCC" : 23, "2_key_yIncCC" : 24, "2_key_yIncSpeed" : 0, "3_key_led_green" : "True", "3_key_led_red" : "None", "3_key_modline2_cc" : 0, "3_key_modline2_destination" : "None", "3_key_modline2_max" : 127, "3_key_modline2_min" : 1, "3_key_modline2_source" : "None", "3_key_modline_cc" : 23, "3_key_modline_destination" : "CC", "3_key_modline_gain" : 1.0, "3_key_modline_max" : 127, "3_key_modline_min" : 0, "3_key_modline_slew" : 0, "3_key_modline_source" : "Foot_On", "3_key_modline_table" : "Toggle_127", "3_key_name" : "THRE", "3_key_noteNum" : 63, "3_key_noteToggle" : 1, "3_key_noteVelocity" : 127, "3_key_pressureCC" : 20, "3_key_pressureSmooth" : 0, "3_key_programBank" : 0, "3_key_programNum" : 0, "3_key_setting_yAccel" : 85, "3_key_source" : "sourceToggle", "3_key_toggleCC" : 23, "3_key_toggleHi" : 127, "3_key_toggleLo" : 0, "3_key_xyLatch" : 0, "3_key_xyXCC" : 22, "3_key_xyYCC" : 23, "3_key_yIncCC" : 24, "3_key_yIncSpeed" : 0, "4_key_led_green" : "True", "4_key_led_red" : "None", "4_key_modline2_cc" : 0, "4_key_modline2_destination" : "None", "4_key_modline2_max" : 127, "4_key_modline2_min" : 1, "4_key_modline2_source" : "None", "4_key_modline_cc" : 24, "4_key_modline_destination" : "CC", "4_key_modline_gain" : 1.0, "4_key_modline_max" : 127, "4_key_modline_min" : 0, "4_key_modline_slew" : 0, "4_key_modline_source" : "Foot_On", "4_key_modline_table" : "Toggle_127", "4_key_name" : "FOUR", "4_key_noteNum" : 64, "4_key_noteToggle" : 1, "4_key_noteVelocity" : 127, "4_key_pressureCC" : 20, "4_key_pressureSmooth" : 0, "4_key_programBank" : 0, "4_key_programNum" : 0, "4_key_setting_yAccel" : 85, "4_key_source" : "sourceToggle", "4_key_toggleCC" : 24, "4_key_toggleHi" : 127, "4_key_toggleLo" : 0, "4_key_xyLatch" : 0, "4_key_xyXCC" : 22, "4_key_xyYCC" : 23, "4_key_yIncCC" : 24, "4_key_yIncSpeed" : 0, "5_key_led_green" : "True", "5_key_led_red" : "None", "5_key_modline2_cc" : 0, "5_key_modline2_destination" : "None", "5_key_modline2_max" : 127, "5_key_modline2_min" : 1, "5_key_modline2_source" : "None", "5_key_modline_cc" : 25, "5_key_modline_destination" : "CC", "5_key_modline_gain" : 1.0, "5_key_modline_max" : 127, "5_key_modline_min" : 0, "5_key_modline_slew" : 0, "5_key_modline_source" : "Foot_On", "5_key_modline_table" : "Toggle_127", "5_key_name" : "FIVE", "5_key_noteNum" : 65, "5_key_noteToggle" : 1, "5_key_noteVelocity" : 127, "5_key_pressureCC" : 20, "5_key_pressureSmooth" : 0, "5_key_programBank" : 0, "5_key_programNum" : 0, "5_key_setting_yAccel" : 85, "5_key_source" : "sourceToggle", "5_key_toggleCC" : 25, "5_key_toggleHi" : 127, "5_key_toggleLo" : 0, "5_key_xyLatch" : 0, "5_key_xyXCC" : 22, "5_key_xyYCC" : 23, "5_key_yIncCC" : 24, "5_key_yIncSpeed" : 0, "6_key_led_green" : "True", "6_key_led_red" : "None", "6_key_modline2_cc" : 0, "6_key_modline2_destination" : "None", "6_key_modline2_max" : 127, "6_key_modline2_min" : 1, "6_key_modline2_source" : "None", "6_key_modline_cc" : 26, "6_key_modline_destination" : "CC", "6_key_modline_gain" : 1.0, "6_key_modline_max" : 127, "6_key_modline_min" : 0, "6_key_modline_slew" : 0, "6_key_modline_source" : "Foot_On", "6_key_modline_table" : "Toggle_127", "6_key_name" : "SIX", "6_key_noteNum" : 66, "6_key_noteToggle" : 1, "6_key_noteVelocity" : 127, "6_key_pressureCC" : 20, "6_key_pressureSmooth" : 0, "6_key_programBank" : 0, "6_key_programNum" : 0, "6_key_setting_yAccel" : 85, "6_key_source" : "sourceToggle", "6_key_toggleCC" : 26, "6_key_toggleHi" : 127, "6_key_toggleLo" : 0, "6_key_xyLatch" : 0, "6_key_xyXCC" : 22, "6_key_xyYCC" : 23, "6_key_yIncCC" : 24, "6_key_yIncSpeed" : 0, "7_key_led_green" : "True", "7_key_led_red" : "None", "7_key_modline2_cc" : 0, "7_key_modline2_destination" : "None", "7_key_modline2_max" : 127, "7_key_modline2_min" : 1, "7_key_modline2_source" : "None", "7_key_modline_cc" : 27, "7_key_modline_destination" : "CC", "7_key_modline_gain" : 1.0, "7_key_modline_max" : 127, "7_key_modline_min" : 0, "7_key_modline_slew" : 0, "7_key_modline_source" : "Foot_On", "7_key_modline_table" : "Toggle_127", "7_key_name" : "SEVN", "7_key_noteNum" : 67, "7_key_noteToggle" : 1, "7_key_noteVelocity" : 127, "7_key_pressureCC" : 20, "7_key_pressureSmooth" : 0, "7_key_programBank" : 0, "7_key_programNum" : 0, "7_key_setting_yAccel" : 85, "7_key_source" : "sourceToggle", "7_key_toggleCC" : 27, "7_key_toggleHi" : 127, "7_key_toggleLo" : 0, "7_key_xyLatch" : 0, "7_key_xyXCC" : 22, "7_key_xyYCC" : 23, "7_key_yIncCC" : 24, "7_key_yIncSpeed" : 0, "8_key_led_green" : "True", "8_key_led_red" : "None", "8_key_modline2_cc" : 0, "8_key_modline2_destination" : "None", "8_key_modline2_max" : 127, "8_key_modline2_min" : 1, "8_key_modline2_source" : "None", "8_key_modline_cc" : 28, "8_key_modline_destination" : "CC", "8_key_modline_gain" : 1.0, "8_key_modline_max" : 127, "8_key_modline_min" : 0, "8_key_modline_slew" : 0, "8_key_modline_source" : "Foot_On", "8_key_modline_table" : "Toggle_127", "8_key_name" : "EGHT", "8_key_noteNum" : 68, "8_key_noteToggle" : 1, "8_key_noteVelocity" : 127, "8_key_pressureCC" : 20, "8_key_pressureSmooth" : 0, "8_key_programBank" : 0, "8_key_programNum" : 0, "8_key_setting_yAccel" : 85, "8_key_source" : "sourceToggle", "8_key_toggleCC" : 28, "8_key_toggleHi" : 127, "8_key_toggleLo" : 0, "8_key_xyLatch" : 0, "8_key_xyXCC" : 22, "8_key_xyYCC" : 23, "8_key_yIncCC" : 24, "8_key_yIncSpeed" : 0, "9_key_led_green" : "True", "9_key_led_red" : "None", "9_key_modline2_cc" : 0, "9_key_modline2_destination" : "None", "9_key_modline2_max" : 127, "9_key_modline2_min" : 1, "9_key_modline2_source" : "None", "9_key_modline_cc" : 29, "9_key_modline_destination" : "CC", "9_key_modline_gain" : 1.0, "9_key_modline_max" : 127, "9_key_modline_min" : 0, "9_key_modline_slew" : 0, "9_key_modline_source" : "Foot_On", "9_key_modline_table" : "Toggle_127", "9_key_name" : "NINE", "9_key_noteNum" : 69, "9_key_noteToggle" : 1, "9_key_noteVelocity" : 127, "9_key_pressureCC" : 20, "9_key_pressureSmooth" : 0, "9_key_programBank" : 0, "9_key_programNum" : 0, "9_key_setting_yAccel" : 85, "9_key_source" : "sourceToggle", "9_key_toggleCC" : 29, "9_key_toggleHi" : 127, "9_key_toggleLo" : 0, "9_key_xyLatch" : 0, "9_key_xyXCC" : 22, "9_key_xyYCC" : 23, "9_key_yIncCC" : 24, "9_key_yIncSpeed" : 0, "displayName" : "TOGL", "midiChannel" : 1, "navPadCC" : -1, "pedalCC" : 102, "useFactory" : "No" }, "Preset_003" : { "10_key_led_green" : "True", "10_key_led_red" : "None", "10_key_modline2_cc" : 30, "10_key_modline2_destination" : "CC", "10_key_modline2_max" : 127, "10_key_modline2_min" : 0, "10_key_modline2_source" : "Y_Latch", "10_key_modline_cc" : 30, "10_key_modline_destination" : "CC", "10_key_modline_gain" : 1.0, "10_key_modline_max" : 127, "10_key_modline_min" : 0, "10_key_modline_slew" : 0, "10_key_modline_source" : "X_Latch", "10_key_modline_table" : "1_Lin", "10_key_name" : "TEN", "10_key_noteNum" : 70, "10_key_noteToggle" : 1, "10_key_noteVelocity" : 127, "10_key_pressureCC" : 20, "10_key_pressureSmooth" : 0, "10_key_programBank" : 0, "10_key_programNum" : 0, "10_key_setting_yAccel" : 85, "10_key_source" : "sourceXY", "10_key_toggleCC" : 21, "10_key_toggleHi" : 127, "10_key_toggleLo" : 0, "10_key_xyLatch" : 1, "10_key_xyXCC" : 30, "10_key_xyYCC" : 30, "10_key_yIncCC" : 24, "10_key_yIncSpeed" : 0, "1_key_led_green" : "True", "1_key_led_red" : "None", "1_key_modline2_cc" : 31, "1_key_modline2_destination" : "CC", "1_key_modline2_max" : 127, "1_key_modline2_min" : 0, "1_key_modline2_source" : "Y_Latch", "1_key_modline_cc" : 21, "1_key_modline_destination" : "CC", "1_key_modline_gain" : 1.0, "1_key_modline_max" : 127, "1_key_modline_min" : 0, "1_key_modline_slew" : 0, "1_key_modline_source" : "X_Latch", "1_key_modline_table" : "1_Lin", "1_key_name" : "ONE", "1_key_noteNum" : 61, "1_key_noteToggle" : 1, "1_key_noteVelocity" : 127, "1_key_pressureCC" : 20, "1_key_pressureSmooth" : 0, "1_key_programBank" : 0, "1_key_programNum" : 0, "1_key_setting_yAccel" : 0, "1_key_source" : "sourceXY", "1_key_toggleCC" : 21, "1_key_toggleHi" : 127, "1_key_toggleLo" : 0, "1_key_xyLatch" : 1, "1_key_xyXCC" : 21, "1_key_xyYCC" : 31, "1_key_yIncCC" : 24, "1_key_yIncSpeed" : 0, "2_key_led_green" : "True", "2_key_led_red" : "None", "2_key_modline2_cc" : 32, "2_key_modline2_destination" : "CC", "2_key_modline2_max" : 127, "2_key_modline2_min" : 0, "2_key_modline2_source" : "Y_Latch", "2_key_modline_cc" : 22, "2_key_modline_destination" : "CC", "2_key_modline_gain" : 1.0, "2_key_modline_max" : 127, "2_key_modline_min" : 0, "2_key_modline_slew" : 0, "2_key_modline_source" : "X_Latch", "2_key_modline_table" : "1_Lin", "2_key_name" : "TWO", "2_key_noteNum" : 62, "2_key_noteToggle" : 1, "2_key_noteVelocity" : 127, "2_key_pressureCC" : 20, "2_key_pressureSmooth" : 0, "2_key_programBank" : 0, "2_key_programNum" : 0, "2_key_setting_yAccel" : 85, "2_key_source" : "sourceXY", "2_key_toggleCC" : 21, "2_key_toggleHi" : 127, "2_key_toggleLo" : 0, "2_key_xyLatch" : 1, "2_key_xyXCC" : 22, "2_key_xyYCC" : 32, "2_key_yIncCC" : 24, "2_key_yIncSpeed" : 0, "3_key_led_green" : "True", "3_key_led_red" : "None", "3_key_modline2_cc" : 33, "3_key_modline2_destination" : "CC", "3_key_modline2_max" : 127, "3_key_modline2_min" : 0, "3_key_modline2_source" : "Y_Latch", "3_key_modline_cc" : 23, "3_key_modline_destination" : "CC", "3_key_modline_gain" : 1.0, "3_key_modline_max" : 127, "3_key_modline_min" : 0, "3_key_modline_slew" : 0, "3_key_modline_source" : "X_Latch", "3_key_modline_table" : "1_Lin", "3_key_name" : "THRE", "3_key_noteNum" : 63, "3_key_noteToggle" : 1, "3_key_noteVelocity" : 127, "3_key_pressureCC" : 20, "3_key_pressureSmooth" : 0, "3_key_programBank" : 0, "3_key_programNum" : 0, "3_key_setting_yAccel" : 85, "3_key_source" : "sourceXY", "3_key_toggleCC" : 21, "3_key_toggleHi" : 127, "3_key_toggleLo" : 0, "3_key_xyLatch" : 1, "3_key_xyXCC" : 23, "3_key_xyYCC" : 33, "3_key_yIncCC" : 24, "3_key_yIncSpeed" : 0, "4_key_led_green" : "True", "4_key_led_red" : "None", "4_key_modline2_cc" : 34, "4_key_modline2_destination" : "CC", "4_key_modline2_max" : 127, "4_key_modline2_min" : 0, "4_key_modline2_source" : "Y_Live", "4_key_modline_cc" : 24, "4_key_modline_destination" : "CC", "4_key_modline_gain" : 1.0, "4_key_modline_max" : 127, "4_key_modline_min" : 0, "4_key_modline_slew" : 0, "4_key_modline_source" : "X_Live", "4_key_modline_table" : "1_Lin", "4_key_name" : "FOUR", "4_key_noteNum" : 64, "4_key_noteToggle" : 1, "4_key_noteVelocity" : 127, "4_key_pressureCC" : 20, "4_key_pressureSmooth" : 0, "4_key_programBank" : 0, "4_key_programNum" : 0, "4_key_setting_yAccel" : 85, "4_key_source" : "sourceXY", "4_key_toggleCC" : 21, "4_key_toggleHi" : 127, "4_key_toggleLo" : 0, "4_key_xyLatch" : 1, "4_key_xyXCC" : 24, "4_key_xyYCC" : 34, "4_key_yIncCC" : 24, "4_key_yIncSpeed" : 0, "5_key_led_green" : "True", "5_key_led_red" : "None", "5_key_modline2_cc" : 35, "5_key_modline2_destination" : "CC", "5_key_modline2_max" : 127, "5_key_modline2_min" : 0, "5_key_modline2_source" : "Y_Latch", "5_key_modline_cc" : 25, "5_key_modline_destination" : "CC", "5_key_modline_gain" : 1.0, "5_key_modline_max" : 127, "5_key_modline_min" : 0, "5_key_modline_slew" : 0, "5_key_modline_source" : "X_Latch", "5_key_modline_table" : "1_Lin", "5_key_name" : "FIVE", "5_key_noteNum" : 65, "5_key_noteToggle" : 1, "5_key_noteVelocity" : 127, "5_key_pressureCC" : 20, "5_key_pressureSmooth" : 0, "5_key_programBank" : 0, "5_key_programNum" : 0, "5_key_setting_yAccel" : 85, "5_key_source" : "sourceXY", "5_key_toggleCC" : 21, "5_key_toggleHi" : 127, "5_key_toggleLo" : 0, "5_key_xyLatch" : 1, "5_key_xyXCC" : 25, "5_key_xyYCC" : 35, "5_key_yIncCC" : 24, "5_key_yIncSpeed" : 0, "6_key_led_green" : "True", "6_key_led_red" : "None", "6_key_modline2_cc" : 36, "6_key_modline2_destination" : "CC", "6_key_modline2_max" : 127, "6_key_modline2_min" : 0, "6_key_modline2_source" : "Y_Latch", "6_key_modline_cc" : 26, "6_key_modline_destination" : "CC", "6_key_modline_gain" : 1.0, "6_key_modline_max" : 127, "6_key_modline_min" : 0, "6_key_modline_slew" : 0, "6_key_modline_source" : "X_Latch", "6_key_modline_table" : "1_Lin", "6_key_name" : "SIX", "6_key_noteNum" : 66, "6_key_noteToggle" : 1, "6_key_noteVelocity" : 127, "6_key_pressureCC" : 20, "6_key_pressureSmooth" : 0, "6_key_programBank" : 0, "6_key_programNum" : 0, "6_key_setting_yAccel" : 85, "6_key_source" : "sourceXY", "6_key_toggleCC" : 21, "6_key_toggleHi" : 127, "6_key_toggleLo" : 0, "6_key_xyLatch" : 1, "6_key_xyXCC" : 26, "6_key_xyYCC" : 36, "6_key_yIncCC" : 24, "6_key_yIncSpeed" : 0, "7_key_led_green" : "True", "7_key_led_red" : "None", "7_key_modline2_cc" : 37, "7_key_modline2_destination" : "CC", "7_key_modline2_max" : 127, "7_key_modline2_min" : 0, "7_key_modline2_source" : "Y_Latch", "7_key_modline_cc" : 27, "7_key_modline_destination" : "CC", "7_key_modline_gain" : 1.0, "7_key_modline_max" : 127, "7_key_modline_min" : 0, "7_key_modline_slew" : 0, "7_key_modline_source" : "X_Latch", "7_key_modline_table" : "1_Lin", "7_key_name" : "SEVN", "7_key_noteNum" : 67, "7_key_noteToggle" : 1, "7_key_noteVelocity" : 127, "7_key_pressureCC" : 20, "7_key_pressureSmooth" : 0, "7_key_programBank" : 0, "7_key_programNum" : 0, "7_key_setting_yAccel" : 85, "7_key_source" : "sourceXY", "7_key_toggleCC" : 21, "7_key_toggleHi" : 127, "7_key_toggleLo" : 0, "7_key_xyLatch" : 1, "7_key_xyXCC" : 27, "7_key_xyYCC" : 37, "7_key_yIncCC" : 24, "7_key_yIncSpeed" : 0, "8_key_led_green" : "True", "8_key_led_red" : "None", "8_key_modline2_cc" : 38, "8_key_modline2_destination" : "CC", "8_key_modline2_max" : 127, "8_key_modline2_min" : 0, "8_key_modline2_source" : "Y_Latch", "8_key_modline_cc" : 28, "8_key_modline_destination" : "CC", "8_key_modline_gain" : 1.0, "8_key_modline_max" : 127, "8_key_modline_min" : 0, "8_key_modline_slew" : 0, "8_key_modline_source" : "X_Latch", "8_key_modline_table" : "1_Lin", "8_key_name" : "EGHT", "8_key_noteNum" : 68, "8_key_noteToggle" : 1, "8_key_noteVelocity" : 127, "8_key_pressureCC" : 20, "8_key_pressureSmooth" : 0, "8_key_programBank" : 0, "8_key_programNum" : 0, "8_key_setting_yAccel" : 85, "8_key_source" : "sourceXY", "8_key_toggleCC" : 21, "8_key_toggleHi" : 127, "8_key_toggleLo" : 0, "8_key_xyLatch" : 1, "8_key_xyXCC" : 28, "8_key_xyYCC" : 38, "8_key_yIncCC" : 24, "8_key_yIncSpeed" : 0, "9_key_led_green" : "True", "9_key_led_red" : "None", "9_key_modline2_cc" : 39, "9_key_modline2_destination" : "CC", "9_key_modline2_max" : 127, "9_key_modline2_min" : 0, "9_key_modline2_source" : "Y_Latch", "9_key_modline_cc" : 29, "9_key_modline_destination" : "CC", "9_key_modline_gain" : 1.0, "9_key_modline_max" : 127, "9_key_modline_min" : 0, "9_key_modline_slew" : 0, "9_key_modline_source" : "X_Latch", "9_key_modline_table" : "1_Lin", "9_key_name" : "NINE", "9_key_noteNum" : 69, "9_key_noteToggle" : 1, "9_key_noteVelocity" : 127, "9_key_pressureCC" : 20, "9_key_pressureSmooth" : 0, "9_key_programBank" : 0, "9_key_programNum" : 0, "9_key_setting_yAccel" : 85, "9_key_source" : "sourceXY", "9_key_toggleCC" : 21, "9_key_toggleHi" : 127, "9_key_toggleLo" : 0, "9_key_xyLatch" : 1, "9_key_xyXCC" : 29, "9_key_xyYCC" : 39, "9_key_yIncCC" : 24, "9_key_yIncSpeed" : 0, "displayName" : "XY", "midiChannel" : 1, "navPadCC" : -1, "pedalCC" : 102, "useFactory" : "No" }, "Preset_004" : { "10_key_led_green" : "True", "10_key_led_red" : "None", "10_key_modline2_cc" : 0, "10_key_modline2_destination" : "None", "10_key_modline2_max" : 127, "10_key_modline2_min" : 1, "10_key_modline2_source" : "None", "10_key_modline_cc" : 30, "10_key_modline_destination" : "CC", "10_key_modline_gain" : 1.0, "10_key_modline_max" : 127, "10_key_modline_min" : 0, "10_key_modline_slew" : 0, "10_key_modline_source" : "Y_Increment", "10_key_modline_table" : "1_Lin", "10_key_name" : "TEN", "10_key_noteNum" : 70, "10_key_noteToggle" : 1, "10_key_noteVelocity" : 127, "10_key_pressureCC" : 20, "10_key_pressureSmooth" : 0, "10_key_programBank" : 0, "10_key_programNum" : 0, "10_key_setting_yAccel" : 0, "10_key_source" : "sourceYInc", "10_key_toggleCC" : 21, "10_key_toggleHi" : 127, "10_key_toggleLo" : 0, "10_key_xyLatch" : 0, "10_key_xyXCC" : 22, "10_key_xyYCC" : 23, "10_key_yIncCC" : 30, "10_key_yIncSpeed" : 0, "1_key_led_green" : "True", "1_key_led_red" : "None", "1_key_modline2_cc" : 0, "1_key_modline2_destination" : "None", "1_key_modline2_max" : 127, "1_key_modline2_min" : 1, "1_key_modline2_source" : "None", "1_key_modline_cc" : 21, "1_key_modline_destination" : "CC", "1_key_modline_gain" : 1.0, "1_key_modline_max" : 127, "1_key_modline_min" : 0, "1_key_modline_slew" : 0, "1_key_modline_source" : "Y_Increment", "1_key_modline_table" : "1_Lin", "1_key_name" : "ONE", "1_key_noteNum" : 61, "1_key_noteToggle" : 1, "1_key_noteVelocity" : 127, "1_key_pressureCC" : 20, "1_key_pressureSmooth" : 0, "1_key_programBank" : 0, "1_key_programNum" : 0, "1_key_setting_yAccel" : 0, "1_key_source" : "sourceYInc", "1_key_toggleCC" : 21, "1_key_toggleHi" : 127, "1_key_toggleLo" : 0, "1_key_xyLatch" : 0, "1_key_xyXCC" : 22, "1_key_xyYCC" : 23, "1_key_yIncCC" : 21, "1_key_yIncSpeed" : 0, "2_key_led_green" : "True", "2_key_led_red" : "None", "2_key_modline2_cc" : 0, "2_key_modline2_destination" : "None", "2_key_modline2_max" : 127, "2_key_modline2_min" : 1, "2_key_modline2_source" : "None", "2_key_modline_cc" : 22, "2_key_modline_destination" : "CC", "2_key_modline_gain" : 1.0, "2_key_modline_max" : 127, "2_key_modline_min" : 0, "2_key_modline_slew" : 0, "2_key_modline_source" : "Y_Increment", "2_key_modline_table" : "1_Lin", "2_key_name" : "TWO", "2_key_noteNum" : 62, "2_key_noteToggle" : 1, "2_key_noteVelocity" : 127, "2_key_pressureCC" : 20, "2_key_pressureSmooth" : 0, "2_key_programBank" : 0, "2_key_programNum" : 0, "2_key_setting_yAccel" : 0, "2_key_source" : "sourceYInc", "2_key_toggleCC" : 21, "2_key_toggleHi" : 127, "2_key_toggleLo" : 0, "2_key_xyLatch" : 0, "2_key_xyXCC" : 22, "2_key_xyYCC" : 23, "2_key_yIncCC" : 22, "2_key_yIncSpeed" : 0, "3_key_led_green" : "True", "3_key_led_red" : "None", "3_key_modline2_cc" : 0, "3_key_modline2_destination" : "None", "3_key_modline2_max" : 127, "3_key_modline2_min" : 1, "3_key_modline2_source" : "None", "3_key_modline_cc" : 23, "3_key_modline_destination" : "CC", "3_key_modline_gain" : 1.0, "3_key_modline_max" : 127, "3_key_modline_min" : 0, "3_key_modline_slew" : 0, "3_key_modline_source" : "Y_Increment", "3_key_modline_table" : "1_Lin", "3_key_name" : "THRE", "3_key_noteNum" : 63, "3_key_noteToggle" : 1, "3_key_noteVelocity" : 127, "3_key_pressureCC" : 20, "3_key_pressureSmooth" : 0, "3_key_programBank" : 0, "3_key_programNum" : 0, "3_key_setting_yAccel" : 0, "3_key_source" : "sourceYInc", "3_key_toggleCC" : 21, "3_key_toggleHi" : 127, "3_key_toggleLo" : 0, "3_key_xyLatch" : 0, "3_key_xyXCC" : 22, "3_key_xyYCC" : 23, "3_key_yIncCC" : 23, "3_key_yIncSpeed" : 0, "4_key_led_green" : "True", "4_key_led_red" : "None", "4_key_modline2_cc" : 0, "4_key_modline2_destination" : "None", "4_key_modline2_max" : 127, "4_key_modline2_min" : 1, "4_key_modline2_source" : "None", "4_key_modline_cc" : 24, "4_key_modline_destination" : "CC", "4_key_modline_gain" : 1.0, "4_key_modline_max" : 127, "4_key_modline_min" : 0, "4_key_modline_slew" : 0, "4_key_modline_source" : "Y_Increment", "4_key_modline_table" : "1_Lin", "4_key_name" : "FOUR", "4_key_noteNum" : 64, "4_key_noteToggle" : 1, "4_key_noteVelocity" : 127, "4_key_pressureCC" : 20, "4_key_pressureSmooth" : 0, "4_key_programBank" : 0, "4_key_programNum" : 0, "4_key_setting_yAccel" : 0, "4_key_source" : "sourceYInc", "4_key_toggleCC" : 21, "4_key_toggleHi" : 127, "4_key_toggleLo" : 0, "4_key_xyLatch" : 0, "4_key_xyXCC" : 22, "4_key_xyYCC" : 23, "4_key_yIncCC" : 24, "4_key_yIncSpeed" : 0, "5_key_led_green" : "True", "5_key_led_red" : "None", "5_key_modline2_cc" : 0, "5_key_modline2_destination" : "None", "5_key_modline2_max" : 127, "5_key_modline2_min" : 1, "5_key_modline2_source" : "None", "5_key_modline_cc" : 25, "5_key_modline_destination" : "CC", "5_key_modline_gain" : 1.0, "5_key_modline_max" : 127, "5_key_modline_min" : 0, "5_key_modline_slew" : 0, "5_key_modline_source" : "Y_Increment", "5_key_modline_table" : "1_Lin", "5_key_name" : "FIVE", "5_key_noteNum" : 65, "5_key_noteToggle" : 1, "5_key_noteVelocity" : 127, "5_key_pressureCC" : 20, "5_key_pressureSmooth" : 0, "5_key_programBank" : 0, "5_key_programNum" : 0, "5_key_setting_yAccel" : 0, "5_key_source" : "sourceYInc", "5_key_toggleCC" : 21, "5_key_toggleHi" : 127, "5_key_toggleLo" : 0, "5_key_xyLatch" : 0, "5_key_xyXCC" : 22, "5_key_xyYCC" : 23, "5_key_yIncCC" : 25, "5_key_yIncSpeed" : 0, "6_key_led_green" : "True", "6_key_led_red" : "None", "6_key_modline2_cc" : 0, "6_key_modline2_destination" : "None", "6_key_modline2_max" : 127, "6_key_modline2_min" : 1, "6_key_modline2_source" : "None", "6_key_modline_cc" : 26, "6_key_modline_destination" : "CC", "6_key_modline_gain" : 1.0, "6_key_modline_max" : 127, "6_key_modline_min" : 0, "6_key_modline_slew" : 0, "6_key_modline_source" : "Y_Increment", "6_key_modline_table" : "1_Lin", "6_key_name" : "SIX", "6_key_noteNum" : 66, "6_key_noteToggle" : 1, "6_key_noteVelocity" : 127, "6_key_pressureCC" : 20, "6_key_pressureSmooth" : 0, "6_key_programBank" : 0, "6_key_programNum" : 0, "6_key_setting_yAccel" : 0, "6_key_source" : "sourceYInc", "6_key_toggleCC" : 21, "6_key_toggleHi" : 127, "6_key_toggleLo" : 0, "6_key_xyLatch" : 0, "6_key_xyXCC" : 22, "6_key_xyYCC" : 23, "6_key_yIncCC" : 26, "6_key_yIncSpeed" : 0, "7_key_led_green" : "True", "7_key_led_red" : "None", "7_key_modline2_cc" : 0, "7_key_modline2_destination" : "None", "7_key_modline2_max" : 127, "7_key_modline2_min" : 1, "7_key_modline2_source" : "None", "7_key_modline_cc" : 27, "7_key_modline_destination" : "CC", "7_key_modline_gain" : 1.0, "7_key_modline_max" : 127, "7_key_modline_min" : 0, "7_key_modline_slew" : 0, "7_key_modline_source" : "Y_Increment", "7_key_modline_table" : "1_Lin", "7_key_name" : "SEVN", "7_key_noteNum" : 67, "7_key_noteToggle" : 1, "7_key_noteVelocity" : 127, "7_key_pressureCC" : 20, "7_key_pressureSmooth" : 0, "7_key_programBank" : 0, "7_key_programNum" : 0, "7_key_setting_yAccel" : 0, "7_key_source" : "sourceYInc", "7_key_toggleCC" : 21, "7_key_toggleHi" : 127, "7_key_toggleLo" : 0, "7_key_xyLatch" : 0, "7_key_xyXCC" : 22, "7_key_xyYCC" : 23, "7_key_yIncCC" : 27, "7_key_yIncSpeed" : 0, "8_key_led_green" : "True", "8_key_led_red" : "None", "8_key_modline2_cc" : 0, "8_key_modline2_destination" : "None", "8_key_modline2_max" : 127, "8_key_modline2_min" : 1, "8_key_modline2_source" : "None", "8_key_modline_cc" : 28, "8_key_modline_destination" : "CC", "8_key_modline_gain" : 1.0, "8_key_modline_max" : 127, "8_key_modline_min" : 0, "8_key_modline_slew" : 0, "8_key_modline_source" : "Y_Increment", "8_key_modline_table" : "1_Lin", "8_key_name" : "EGHT", "8_key_noteNum" : 68, "8_key_noteToggle" : 1, "8_key_noteVelocity" : 127, "8_key_pressureCC" : 20, "8_key_pressureSmooth" : 0, "8_key_programBank" : 0, "8_key_programNum" : 0, "8_key_setting_yAccel" : 0, "8_key_source" : "sourceYInc", "8_key_toggleCC" : 21, "8_key_toggleHi" : 127, "8_key_toggleLo" : 0, "8_key_xyLatch" : 0, "8_key_xyXCC" : 22, "8_key_xyYCC" : 23, "8_key_yIncCC" : 28, "8_key_yIncSpeed" : 0, "9_key_led_green" : "True", "9_key_led_red" : "None", "9_key_modline2_cc" : 0, "9_key_modline2_destination" : "None", "9_key_modline2_max" : 127, "9_key_modline2_min" : 1, "9_key_modline2_source" : "None", "9_key_modline_cc" : 29, "9_key_modline_destination" : "CC", "9_key_modline_gain" : 1.0, "9_key_modline_max" : 127, "9_key_modline_min" : 0, "9_key_modline_slew" : 0, "9_key_modline_source" : "Y_Increment", "9_key_modline_table" : "1_Lin", "9_key_name" : "NINE", "9_key_noteNum" : 69, "9_key_noteToggle" : 1, "9_key_noteVelocity" : 127, "9_key_pressureCC" : 20, "9_key_pressureSmooth" : 0, "9_key_programBank" : 0, "9_key_programNum" : 0, "9_key_setting_yAccel" : 0, "9_key_source" : "sourceYInc", "9_key_toggleCC" : 21, "9_key_toggleHi" : 127, "9_key_toggleLo" : 0, "9_key_xyLatch" : 0, "9_key_xyXCC" : 22, "9_key_xyYCC" : 23, "9_key_yIncCC" : 29, "9_key_yIncSpeed" : 0, "displayName" : "YINC", "midiChannel" : 1, "navPadCC" : -1, "pedalCC" : 102, "useFactory" : "No" }, "Preset_005" : { "10_key_led_green" : "None", "10_key_led_red" : "None", "10_key_modline2_cc" : 0, "10_key_modline2_destination" : "Program", "10_key_modline2_max" : 30, "10_key_modline2_min" : 30, "10_key_modline2_source" : "Foot_On", "10_key_modline_cc" : 0, "10_key_modline_destination" : "Bank", "10_key_modline_gain" : 1.0, "10_key_modline_max" : 0, "10_key_modline_min" : 0, "10_key_modline_slew" : 0, "10_key_modline_source" : "Foot_On", "10_key_modline_table" : "Toggle_127", "10_key_name" : "TEN", "10_key_noteNum" : 70, "10_key_noteToggle" : 1, "10_key_noteVelocity" : 127, "10_key_pressureCC" : 20, "10_key_pressureSmooth" : 0, "10_key_programBank" : 0, "10_key_programNum" : 30, "10_key_setting_yAccel" : 85, "10_key_source" : "sourceProgram", "10_key_toggleCC" : 21, "10_key_toggleHi" : 127, "10_key_toggleLo" : 0, "10_key_xyLatch" : 0, "10_key_xyXCC" : 22, "10_key_xyYCC" : 23, "10_key_yIncCC" : 24, "10_key_yIncSpeed" : 0, "1_key_led_green" : "None", "1_key_led_red" : "None", "1_key_modline2_cc" : 0, "1_key_modline2_destination" : "Program", "1_key_modline2_max" : 21, "1_key_modline2_min" : 21, "1_key_modline2_source" : "Foot_On", "1_key_modline_cc" : 0, "1_key_modline_destination" : "Bank", "1_key_modline_gain" : 1.0, "1_key_modline_max" : 0, "1_key_modline_min" : 0, "1_key_modline_slew" : 0, "1_key_modline_source" : "Foot_On", "1_key_modline_table" : "Toggle_127", "1_key_name" : "ONE", "1_key_noteNum" : 61, "1_key_noteToggle" : 1, "1_key_noteVelocity" : 127, "1_key_pressureCC" : 20, "1_key_pressureSmooth" : 0, "1_key_programBank" : 0, "1_key_programNum" : 21, "1_key_setting_yAccel" : 85, "1_key_source" : "sourceProgram", "1_key_toggleCC" : 21, "1_key_toggleHi" : 127, "1_key_toggleLo" : 0, "1_key_xyLatch" : 0, "1_key_xyXCC" : 22, "1_key_xyYCC" : 23, "1_key_yIncCC" : 24, "1_key_yIncSpeed" : 0, "2_key_led_green" : "None", "2_key_led_red" : "None", "2_key_modline2_cc" : 0, "2_key_modline2_destination" : "Program", "2_key_modline2_max" : 22, "2_key_modline2_min" : 22, "2_key_modline2_source" : "Foot_On", "2_key_modline_cc" : 0, "2_key_modline_destination" : "Bank", "2_key_modline_gain" : 1.0, "2_key_modline_max" : 0, "2_key_modline_min" : 0, "2_key_modline_slew" : 0, "2_key_modline_source" : "Foot_On", "2_key_modline_table" : "Toggle_127", "2_key_name" : "TWO", "2_key_noteNum" : 62, "2_key_noteToggle" : 1, "2_key_noteVelocity" : 127, "2_key_pressureCC" : 20, "2_key_pressureSmooth" : 0, "2_key_programBank" : 0, "2_key_programNum" : 22, "2_key_setting_yAccel" : 85, "2_key_source" : "sourceProgram", "2_key_toggleCC" : 21, "2_key_toggleHi" : 127, "2_key_toggleLo" : 0, "2_key_xyLatch" : 0, "2_key_xyXCC" : 22, "2_key_xyYCC" : 23, "2_key_yIncCC" : 24, "2_key_yIncSpeed" : 0, "3_key_led_green" : "None", "3_key_led_red" : "None", "3_key_modline2_cc" : 0, "3_key_modline2_destination" : "Program", "3_key_modline2_max" : 23, "3_key_modline2_min" : 23, "3_key_modline2_source" : "Foot_On", "3_key_modline_cc" : 0, "3_key_modline_destination" : "Bank", "3_key_modline_gain" : 1.0, "3_key_modline_max" : 0, "3_key_modline_min" : 0, "3_key_modline_slew" : 0, "3_key_modline_source" : "Foot_On", "3_key_modline_table" : "Toggle_127", "3_key_name" : "THRE", "3_key_noteNum" : 63, "3_key_noteToggle" : 1, "3_key_noteVelocity" : 127, "3_key_pressureCC" : 20, "3_key_pressureSmooth" : 0, "3_key_programBank" : 0, "3_key_programNum" : 23, "3_key_setting_yAccel" : 85, "3_key_source" : "sourceProgram", "3_key_toggleCC" : 21, "3_key_toggleHi" : 127, "3_key_toggleLo" : 0, "3_key_xyLatch" : 0, "3_key_xyXCC" : 22, "3_key_xyYCC" : 23, "3_key_yIncCC" : 24, "3_key_yIncSpeed" : 0, "4_key_led_green" : "None", "4_key_led_red" : "None", "4_key_modline2_cc" : 0, "4_key_modline2_destination" : "Program", "4_key_modline2_max" : 24, "4_key_modline2_min" : 24, "4_key_modline2_source" : "Foot_On", "4_key_modline_cc" : 0, "4_key_modline_destination" : "Bank", "4_key_modline_gain" : 1.0, "4_key_modline_max" : 0, "4_key_modline_min" : 0, "4_key_modline_slew" : 0, "4_key_modline_source" : "Foot_On", "4_key_modline_table" : "Toggle_127", "4_key_name" : "FOUR", "4_key_noteNum" : 64, "4_key_noteToggle" : 1, "4_key_noteVelocity" : 127, "4_key_pressureCC" : 20, "4_key_pressureSmooth" : 0, "4_key_programBank" : 0, "4_key_programNum" : 24, "4_key_setting_yAccel" : 85, "4_key_source" : "sourceProgram", "4_key_toggleCC" : 21, "4_key_toggleHi" : 127, "4_key_toggleLo" : 0, "4_key_xyLatch" : 0, "4_key_xyXCC" : 22, "4_key_xyYCC" : 23, "4_key_yIncCC" : 24, "4_key_yIncSpeed" : 0, "5_key_led_green" : "None", "5_key_led_red" : "None", "5_key_modline2_cc" : 0, "5_key_modline2_destination" : "Program", "5_key_modline2_max" : 25, "5_key_modline2_min" : 25, "5_key_modline2_source" : "Foot_On", "5_key_modline_cc" : 0, "5_key_modline_destination" : "Bank", "5_key_modline_gain" : 1.0, "5_key_modline_max" : 0, "5_key_modline_min" : 0, "5_key_modline_slew" : 0, "5_key_modline_source" : "Foot_On", "5_key_modline_table" : "Toggle_127", "5_key_name" : "FIVE", "5_key_noteNum" : 65, "5_key_noteToggle" : 1, "5_key_noteVelocity" : 127, "5_key_pressureCC" : 20, "5_key_pressureSmooth" : 0, "5_key_programBank" : 0, "5_key_programNum" : 25, "5_key_setting_yAccel" : 85, "5_key_source" : "sourceProgram", "5_key_toggleCC" : 21, "5_key_toggleHi" : 127, "5_key_toggleLo" : 0, "5_key_xyLatch" : 0, "5_key_xyXCC" : 22, "5_key_xyYCC" : 23, "5_key_yIncCC" : 24, "5_key_yIncSpeed" : 0, "6_key_led_green" : "None", "6_key_led_red" : "None", "6_key_modline2_cc" : 0, "6_key_modline2_destination" : "Program", "6_key_modline2_max" : 26, "6_key_modline2_min" : 26, "6_key_modline2_source" : "Foot_On", "6_key_modline_cc" : 0, "6_key_modline_destination" : "Bank", "6_key_modline_gain" : 1.0, "6_key_modline_max" : 0, "6_key_modline_min" : 0, "6_key_modline_slew" : 0, "6_key_modline_source" : "Foot_On", "6_key_modline_table" : "Toggle_127", "6_key_name" : "SIX", "6_key_noteNum" : 66, "6_key_noteToggle" : 1, "6_key_noteVelocity" : 127, "6_key_pressureCC" : 20, "6_key_pressureSmooth" : 0, "6_key_programBank" : 0, "6_key_programNum" : 26, "6_key_setting_yAccel" : 85, "6_key_source" : "sourceProgram", "6_key_toggleCC" : 21, "6_key_toggleHi" : 127, "6_key_toggleLo" : 0, "6_key_xyLatch" : 0, "6_key_xyXCC" : 22, "6_key_xyYCC" : 23, "6_key_yIncCC" : 24, "6_key_yIncSpeed" : 0, "7_key_led_green" : "None", "7_key_led_red" : "None", "7_key_modline2_cc" : 0, "7_key_modline2_destination" : "Program", "7_key_modline2_max" : 27, "7_key_modline2_min" : 27, "7_key_modline2_source" : "Foot_On", "7_key_modline_cc" : 0, "7_key_modline_destination" : "Bank", "7_key_modline_gain" : 1.0, "7_key_modline_max" : 0, "7_key_modline_min" : 0, "7_key_modline_slew" : 0, "7_key_modline_source" : "Foot_On", "7_key_modline_table" : "Toggle_127", "7_key_name" : "SEVN", "7_key_noteNum" : 67, "7_key_noteToggle" : 1, "7_key_noteVelocity" : 127, "7_key_pressureCC" : 20, "7_key_pressureSmooth" : 0, "7_key_programBank" : 0, "7_key_programNum" : 27, "7_key_setting_yAccel" : 85, "7_key_source" : "sourceProgram", "7_key_toggleCC" : 21, "7_key_toggleHi" : 127, "7_key_toggleLo" : 0, "7_key_xyLatch" : 0, "7_key_xyXCC" : 22, "7_key_xyYCC" : 23, "7_key_yIncCC" : 24, "7_key_yIncSpeed" : 0, "8_key_led_green" : "True", "8_key_led_red" : "None", "8_key_modline2_cc" : 0, "8_key_modline2_destination" : "Program", "8_key_modline2_max" : 28, "8_key_modline2_min" : 28, "8_key_modline2_source" : "Foot_On", "8_key_modline_cc" : 24, "8_key_modline_destination" : "Bank", "8_key_modline_gain" : 1.0, "8_key_modline_max" : 0, "8_key_modline_min" : 0, "8_key_modline_slew" : 0, "8_key_modline_source" : "Foot_On", "8_key_modline_table" : "Toggle_127", "8_key_name" : "EGHT", "8_key_noteNum" : 68, "8_key_noteToggle" : 1, "8_key_noteVelocity" : 127, "8_key_pressureCC" : 20, "8_key_pressureSmooth" : 0, "8_key_programBank" : 0, "8_key_programNum" : 28, "8_key_setting_yAccel" : 0, "8_key_source" : "sourceProgram", "8_key_toggleCC" : 21, "8_key_toggleHi" : 127, "8_key_toggleLo" : 0, "8_key_xyLatch" : 0, "8_key_xyXCC" : 22, "8_key_xyYCC" : 23, "8_key_yIncCC" : 24, "8_key_yIncSpeed" : 0, "9_key_led_green" : "None", "9_key_led_red" : "None", "9_key_modline2_cc" : 0, "9_key_modline2_destination" : "Program", "9_key_modline2_max" : 29, "9_key_modline2_min" : 29, "9_key_modline2_source" : "Foot_On", "9_key_modline_cc" : 0, "9_key_modline_destination" : "Bank", "9_key_modline_gain" : 1.0, "9_key_modline_max" : 0, "9_key_modline_min" : 0, "9_key_modline_slew" : 0, "9_key_modline_source" : "Foot_On", "9_key_modline_table" : "Toggle_127", "9_key_name" : "NINE", "9_key_noteNum" : 69, "9_key_noteToggle" : 1, "9_key_noteVelocity" : 127, "9_key_pressureCC" : 20, "9_key_pressureSmooth" : 0, "9_key_programBank" : 0, "9_key_programNum" : 29, "9_key_setting_yAccel" : 85, "9_key_source" : "sourceProgram", "9_key_toggleCC" : 21, "9_key_toggleHi" : 127, "9_key_toggleLo" : 0, "9_key_xyLatch" : 0, "9_key_xyXCC" : 22, "9_key_xyYCC" : 23, "9_key_yIncCC" : 24, "9_key_yIncSpeed" : 0, "displayName" : "PROG", "midiChannel" : 1, "navPadCC" : -1, "pedalCC" : 102, "useFactory" : "No" }, "Preset_006" : { "10_key_led_green" : "True", "10_key_led_red" : "None", "10_key_modline2_cc" : 0, "10_key_modline2_destination" : "None", "10_key_modline2_max" : 127, "10_key_modline2_min" : 1, "10_key_modline2_source" : "None", "10_key_modline_cc" : 43, "10_key_modline_destination" : "CC", "10_key_modline_gain" : 1.0, "10_key_modline_max" : 127, "10_key_modline_min" : 0, "10_key_modline_slew" : 0, "10_key_modline_source" : "Foot_On", "10_key_modline_table" : "Toggle_127", "10_key_name" : "0KEY", "10_key_noteNum" : 70, "10_key_noteToggle" : 1, "10_key_noteVelocity" : 127, "10_key_pressureCC" : 20, "10_key_pressureSmooth" : 0, "10_key_programBank" : 0, "10_key_programNum" : 0, "10_key_setting_yAccel" : 85, "10_key_source" : "sourceToggle", "10_key_toggleCC" : 43, "10_key_toggleHi" : 127, "10_key_toggleLo" : 0, "10_key_xyLatch" : 0, "10_key_xyXCC" : 22, "10_key_xyYCC" : 23, "10_key_yIncCC" : 24, "10_key_yIncSpeed" : 0, "1_key_led_green" : "True", "1_key_led_red" : "None", "1_key_modline2_cc" : 0, "1_key_modline2_destination" : "None", "1_key_modline2_max" : 127, "1_key_modline2_min" : 1, "1_key_modline2_source" : "None", "1_key_modline_cc" : 78, "1_key_modline_destination" : "CC", "1_key_modline_gain" : 1.0, "1_key_modline_max" : 127, "1_key_modline_min" : 0, "1_key_modline_slew" : 0, "1_key_modline_source" : "Y_Increment", "1_key_modline_table" : "1_Lin", "1_key_name" : "DIST", "1_key_noteNum" : 61, "1_key_noteToggle" : 1, "1_key_noteVelocity" : 127, "1_key_pressureCC" : 111, "1_key_pressureSmooth" : 0, "1_key_programBank" : 0, "1_key_programNum" : 0, "1_key_setting_yAccel" : 0, "1_key_source" : "sourceYInc", "1_key_toggleCC" : 21, "1_key_toggleHi" : 127, "1_key_toggleLo" : 0, "1_key_xyLatch" : 0, "1_key_xyXCC" : 22, "1_key_xyYCC" : 23, "1_key_yIncCC" : 78, "1_key_yIncSpeed" : 0, "2_key_led_green" : "True", "2_key_led_red" : "None", "2_key_modline2_cc" : 0, "2_key_modline2_destination" : "None", "2_key_modline2_max" : 127, "2_key_modline2_min" : 1, "2_key_modline2_source" : "None", "2_key_modline_cc" : 52, "2_key_modline_destination" : "CC", "2_key_modline_gain" : 1.0, "2_key_modline_max" : 127, "2_key_modline_min" : 0, "2_key_modline_slew" : 0, "2_key_modline_source" : "Pressure_Live", "2_key_modline_table" : "1_Lin", "2_key_name" : "MOD", "2_key_noteNum" : 62, "2_key_noteToggle" : 1, "2_key_noteVelocity" : 127, "2_key_pressureCC" : 52, "2_key_pressureSmooth" : 0, "2_key_programBank" : 0, "2_key_programNum" : 0, "2_key_setting_yAccel" : 0, "2_key_source" : "sourcePressure", "2_key_toggleCC" : 21, "2_key_toggleHi" : 127, "2_key_toggleLo" : 0, "2_key_xyLatch" : 0, "2_key_xyXCC" : 22, "2_key_xyYCC" : 23, "2_key_yIncCC" : 22, "2_key_yIncSpeed" : 0, "3_key_led_green" : "True", "3_key_led_red" : "None", "3_key_modline2_cc" : 0, "3_key_modline2_destination" : "None", "3_key_modline2_max" : 127, "3_key_modline2_min" : 1, "3_key_modline2_source" : "None", "3_key_modline_cc" : 85, "3_key_modline_destination" : "CC", "3_key_modline_gain" : 1.0, "3_key_modline_max" : 127, "3_key_modline_min" : 0, "3_key_modline_slew" : 0, "3_key_modline_source" : "Y_Increment", "3_key_modline_table" : "1_Lin", "3_key_name" : "DLY", "3_key_noteNum" : 63, "3_key_noteToggle" : 1, "3_key_noteVelocity" : 127, "3_key_pressureCC" : 113, "3_key_pressureSmooth" : 0, "3_key_programBank" : 0, "3_key_programNum" : 0, "3_key_setting_yAccel" : 0, "3_key_source" : "sourceYInc", "3_key_toggleCC" : 21, "3_key_toggleHi" : 127, "3_key_toggleLo" : 0, "3_key_xyLatch" : 0, "3_key_xyXCC" : 22, "3_key_xyYCC" : 23, "3_key_yIncCC" : 85, "3_key_yIncSpeed" : 0, "4_key_led_green" : "True", "4_key_led_red" : "None", "4_key_modline2_cc" : 0, "4_key_modline2_destination" : "None", "4_key_modline2_max" : 127, "4_key_modline2_min" : 1, "4_key_modline2_source" : "None", "4_key_modline_cc" : 18, "4_key_modline_destination" : "CC", "4_key_modline_gain" : 1.0, "4_key_modline_max" : 127, "4_key_modline_min" : 0, "4_key_modline_slew" : 0, "4_key_modline_source" : "Y_Increment", "4_key_modline_table" : "1_Lin", "4_key_name" : "REVB", "4_key_noteNum" : 64, "4_key_noteToggle" : 1, "4_key_noteVelocity" : 127, "4_key_pressureCC" : 114, "4_key_pressureSmooth" : 0, "4_key_programBank" : 0, "4_key_programNum" : 0, "4_key_setting_yAccel" : 0, "4_key_source" : "sourceYInc", "4_key_toggleCC" : 21, "4_key_toggleHi" : 127, "4_key_toggleLo" : 0, "4_key_xyLatch" : 0, "4_key_xyXCC" : 22, "4_key_xyYCC" : 23, "4_key_yIncCC" : 18, "4_key_yIncSpeed" : 0, "5_key_led_green" : "True", "5_key_led_red" : "None", "5_key_modline2_cc" : 0, "5_key_modline2_destination" : "None", "5_key_modline2_max" : 127, "5_key_modline2_min" : 1, "5_key_modline2_source" : "None", "5_key_modline_cc" : 4, "5_key_modline_destination" : "CC", "5_key_modline_gain" : 1.0, "5_key_modline_max" : 127, "5_key_modline_min" : 0, "5_key_modline_slew" : 0, "5_key_modline_source" : "Y_Increment", "5_key_modline_table" : "1_Lin", "5_key_name" : "5KEY", "5_key_noteNum" : 65, "5_key_noteToggle" : 1, "5_key_noteVelocity" : 127, "5_key_pressureCC" : 115, "5_key_pressureSmooth" : 0, "5_key_programBank" : 0, "5_key_programNum" : 0, "5_key_setting_yAccel" : 0, "5_key_source" : "sourceYInc", "5_key_toggleCC" : 21, "5_key_toggleHi" : 127, "5_key_toggleLo" : 0, "5_key_xyLatch" : 0, "5_key_xyXCC" : 22, "5_key_xyYCC" : 23, "5_key_yIncCC" : 4, "5_key_yIncSpeed" : 0, "6_key_led_green" : "True", "6_key_led_red" : "None", "6_key_modline2_cc" : 0, "6_key_modline2_destination" : "None", "6_key_modline2_max" : 127, "6_key_modline2_min" : 1, "6_key_modline2_source" : "None", "6_key_modline_cc" : 25, "6_key_modline_destination" : "CC", "6_key_modline_gain" : 1.0, "6_key_modline_max" : 127, "6_key_modline_min" : 0, "6_key_modline_slew" : 0, "6_key_modline_source" : "Foot_On", "6_key_modline_table" : "Toggle_127", "6_key_name" : "DIST", "6_key_noteNum" : 66, "6_key_noteToggle" : 1, "6_key_noteVelocity" : 127, "6_key_pressureCC" : 20, "6_key_pressureSmooth" : 0, "6_key_programBank" : 0, "6_key_programNum" : 0, "6_key_setting_yAccel" : 85, "6_key_source" : "sourceToggle", "6_key_toggleCC" : 25, "6_key_toggleHi" : 127, "6_key_toggleLo" : 0, "6_key_xyLatch" : 0, "6_key_xyXCC" : 22, "6_key_xyYCC" : 23, "6_key_yIncCC" : 24, "6_key_yIncSpeed" : 0, "7_key_led_green" : "True", "7_key_led_red" : "None", "7_key_modline2_cc" : 0, "7_key_modline2_destination" : "None", "7_key_modline2_max" : 127, "7_key_modline2_min" : 1, "7_key_modline2_source" : "None", "7_key_modline_cc" : 50, "7_key_modline_destination" : "CC", "7_key_modline_gain" : 1.0, "7_key_modline_max" : 127, "7_key_modline_min" : 0, "7_key_modline_slew" : 0, "7_key_modline_source" : "Foot_On", "7_key_modline_table" : "Toggle_127", "7_key_name" : "MOD", "7_key_noteNum" : 67, "7_key_noteToggle" : 1, "7_key_noteVelocity" : 127, "7_key_pressureCC" : 20, "7_key_pressureSmooth" : 0, "7_key_programBank" : 0, "7_key_programNum" : 0, "7_key_setting_yAccel" : 85, "7_key_source" : "sourceToggle", "7_key_toggleCC" : 50, "7_key_toggleHi" : 127, "7_key_toggleLo" : 0, "7_key_xyLatch" : 0, "7_key_xyXCC" : 22, "7_key_xyYCC" : 23, "7_key_yIncCC" : 24, "7_key_yIncSpeed" : 0, "8_key_led_green" : "True", "8_key_led_red" : "None", "8_key_modline2_cc" : 0, "8_key_modline2_destination" : "None", "8_key_modline2_max" : 127, "8_key_modline2_min" : 1, "8_key_modline2_source" : "None", "8_key_modline_cc" : 28, "8_key_modline_destination" : "CC", "8_key_modline_gain" : 1.0, "8_key_modline_max" : 127, "8_key_modline_min" : 0, "8_key_modline_slew" : 0, "8_key_modline_source" : "Foot_On", "8_key_modline_table" : "Toggle_127", "8_key_name" : "DLY", "8_key_noteNum" : 68, "8_key_noteToggle" : 1, "8_key_noteVelocity" : 127, "8_key_pressureCC" : 20, "8_key_pressureSmooth" : 0, "8_key_programBank" : 0, "8_key_programNum" : 0, "8_key_setting_yAccel" : 85, "8_key_source" : "sourceToggle", "8_key_toggleCC" : 28, "8_key_toggleHi" : 127, "8_key_toggleLo" : 0, "8_key_xyLatch" : 0, "8_key_xyXCC" : 22, "8_key_xyYCC" : 23, "8_key_yIncCC" : 24, "8_key_yIncSpeed" : 0, "9_key_led_green" : "True", "9_key_led_red" : "None", "9_key_modline2_cc" : 0, "9_key_modline2_destination" : "None", "9_key_modline2_max" : 127, "9_key_modline2_min" : 1, "9_key_modline2_source" : "None", "9_key_modline_cc" : 36, "9_key_modline_destination" : "CC", "9_key_modline_gain" : 1.0, "9_key_modline_max" : 127, "9_key_modline_min" : 0, "9_key_modline_slew" : 0, "9_key_modline_source" : "Foot_On", "9_key_modline_table" : "Toggle_127", "9_key_name" : "REVB", "9_key_noteNum" : 69, "9_key_noteToggle" : 1, "9_key_noteVelocity" : 127, "9_key_pressureCC" : 20, "9_key_pressureSmooth" : 0, "9_key_programBank" : 0, "9_key_programNum" : 0, "9_key_setting_yAccel" : 85, "9_key_source" : "sourceToggle", "9_key_toggleCC" : 36, "9_key_toggleHi" : 127, "9_key_toggleLo" : 0, "9_key_xyLatch" : 0, "9_key_xyXCC" : 22, "9_key_xyYCC" : 23, "9_key_yIncCC" : 24, "9_key_yIncSpeed" : 0, "displayName" : "11RK", "midiChannel" : 1, "navPadCC" : 0, "pedalCC" : 102, "useFactory" : "No" }, "Preset_007" : { "10_key_led_green" : "True", "10_key_led_red" : "None", "10_key_modline2_cc" : 0, "10_key_modline2_destination" : "None", "10_key_modline2_max" : 127, "10_key_modline2_min" : 1, "10_key_modline2_source" : "None", "10_key_modline_cc" : 43, "10_key_modline_destination" : "CC", "10_key_modline_gain" : 1.0, "10_key_modline_max" : 127, "10_key_modline_min" : 0, "10_key_modline_slew" : 0, "10_key_modline_source" : "Foot_On", "10_key_modline_table" : "Toggle_127", "10_key_name" : "WAH", "10_key_noteNum" : 70, "10_key_noteToggle" : 1, "10_key_noteVelocity" : 127, "10_key_pressureCC" : 43, "10_key_pressureSmooth" : 0, "10_key_programBank" : 0, "10_key_programNum" : 0, "10_key_setting_yAccel" : 85, "10_key_source" : "sourceToggle", "10_key_toggleCC" : 43, "10_key_toggleHi" : 127, "10_key_toggleLo" : 0, "10_key_xyLatch" : 0, "10_key_xyXCC" : 22, "10_key_xyYCC" : 23, "10_key_yIncCC" : 24, "10_key_yIncSpeed" : 0, "1_key_led_green" : "True", "1_key_led_red" : "None", "1_key_modline2_cc" : 31, "1_key_modline2_destination" : "CC", "1_key_modline2_max" : 127, "1_key_modline2_min" : 0, "1_key_modline2_source" : "None", "1_key_modline_cc" : 13, "1_key_modline_destination" : "CC", "1_key_modline_gain" : 1.0, "1_key_modline_max" : 127, "1_key_modline_min" : 0, "1_key_modline_slew" : 0, "1_key_modline_source" : "Y_Increment", "1_key_modline_table" : "1_Lin", "1_key_name" : "AMP", "1_key_noteNum" : 61, "1_key_noteToggle" : 1, "1_key_noteVelocity" : 127, "1_key_pressureCC" : 20, "1_key_pressureSmooth" : 0, "1_key_programBank" : 0, "1_key_programNum" : 0, "1_key_setting_yAccel" : 0, "1_key_source" : "sourceYInc", "1_key_toggleCC" : 21, "1_key_toggleHi" : 127, "1_key_toggleLo" : 0, "1_key_xyLatch" : 1, "1_key_xyXCC" : 21, "1_key_xyYCC" : 31, "1_key_yIncCC" : 13, "1_key_yIncSpeed" : 0, "2_key_led_green" : "True", "2_key_led_red" : "None", "2_key_modline2_cc" : 32, "2_key_modline2_destination" : "CC", "2_key_modline2_max" : 127, "2_key_modline2_min" : 0, "2_key_modline2_source" : "None", "2_key_modline_cc" : 29, "2_key_modline_destination" : "CC", "2_key_modline_gain" : 1.0, "2_key_modline_max" : 127, "2_key_modline_min" : 0, "2_key_modline_slew" : 0, "2_key_modline_source" : "Pressure_Live", "2_key_modline_table" : "1_Lin", "2_key_name" : "2KEY", "2_key_noteNum" : 62, "2_key_noteToggle" : 1, "2_key_noteVelocity" : 127, "2_key_pressureCC" : 29, "2_key_pressureSmooth" : 0, "2_key_programBank" : 0, "2_key_programNum" : 0, "2_key_setting_yAccel" : 85, "2_key_source" : "sourcePressure", "2_key_toggleCC" : 21, "2_key_toggleHi" : 127, "2_key_toggleLo" : 0, "2_key_xyLatch" : 1, "2_key_xyXCC" : 22, "2_key_xyYCC" : 32, "2_key_yIncCC" : 24, "2_key_yIncSpeed" : 0, "3_key_led_green" : "True", "3_key_led_red" : "None", "3_key_modline2_cc" : 33, "3_key_modline2_destination" : "CC", "3_key_modline2_max" : 127, "3_key_modline2_min" : 0, "3_key_modline2_source" : "None", "3_key_modline_cc" : 32, "3_key_modline_destination" : "CC", "3_key_modline_gain" : 1.0, "3_key_modline_max" : 127, "3_key_modline_min" : 0, "3_key_modline_slew" : 0, "3_key_modline_source" : "Y_Increment", "3_key_modline_table" : "1_Lin", "3_key_name" : "DLY", "3_key_noteNum" : 63, "3_key_noteToggle" : 1, "3_key_noteVelocity" : 127, "3_key_pressureCC" : 20, "3_key_pressureSmooth" : 0, "3_key_programBank" : 0, "3_key_programNum" : 0, "3_key_setting_yAccel" : 0, "3_key_source" : "sourceYInc", "3_key_toggleCC" : 21, "3_key_toggleHi" : 127, "3_key_toggleLo" : 0, "3_key_xyLatch" : 1, "3_key_xyXCC" : 23, "3_key_xyYCC" : 33, "3_key_yIncCC" : 32, "3_key_yIncSpeed" : 0, "4_key_led_green" : "True", "4_key_led_red" : "None", "4_key_modline2_cc" : 34, "4_key_modline2_destination" : "CC", "4_key_modline2_max" : 127, "4_key_modline2_min" : 0, "4_key_modline2_source" : "None", "4_key_modline_cc" : 64, "4_key_modline_destination" : "CC", "4_key_modline_gain" : 1.0, "4_key_modline_max" : 127, "4_key_modline_min" : 0, "4_key_modline_slew" : 0, "4_key_modline_source" : "Foot_On", "4_key_modline_table" : "Toggle_127", "4_key_name" : "TAP", "4_key_noteNum" : 64, "4_key_noteToggle" : 1, "4_key_noteVelocity" : 127, "4_key_pressureCC" : 20, "4_key_pressureSmooth" : 0, "4_key_programBank" : 0, "4_key_programNum" : 0, "4_key_setting_yAccel" : 85, "4_key_source" : "sourceToggle", "4_key_toggleCC" : 64, "4_key_toggleHi" : 127, "4_key_toggleLo" : 0, "4_key_xyLatch" : 1, "4_key_xyXCC" : 24, "4_key_xyYCC" : 34, "4_key_yIncCC" : 24, "4_key_yIncSpeed" : 0, "5_key_led_green" : "True", "5_key_led_red" : "None", "5_key_modline2_cc" : 35, "5_key_modline2_destination" : "CC", "5_key_modline2_max" : 127, "5_key_modline2_min" : 0, "5_key_modline2_source" : "None", "5_key_modline_cc" : 4, "5_key_modline_destination" : "CC", "5_key_modline_gain" : 1.0, "5_key_modline_max" : 127, "5_key_modline_min" : 0, "5_key_modline_slew" : 0, "5_key_modline_source" : "Pressure_Live", "5_key_modline_table" : "1_Lin", "5_key_name" : "WAH", "5_key_noteNum" : 65, "5_key_noteToggle" : 1, "5_key_noteVelocity" : 127, "5_key_pressureCC" : 4, "5_key_pressureSmooth" : 0, "5_key_programBank" : 0, "5_key_programNum" : 0, "5_key_setting_yAccel" : 85, "5_key_source" : "sourcePressure", "5_key_toggleCC" : 21, "5_key_toggleHi" : 127, "5_key_toggleLo" : 0, "5_key_xyLatch" : 1, "5_key_xyXCC" : 25, "5_key_xyYCC" : 35, "5_key_yIncCC" : 24, "5_key_yIncSpeed" : 0, "6_key_led_green" : "True", "6_key_led_red" : "None", "6_key_modline2_cc" : 0, "6_key_modline2_destination" : "None", "6_key_modline2_max" : 127, "6_key_modline2_min" : 1, "6_key_modline2_source" : "None", "6_key_modline_cc" : 25, "6_key_modline_destination" : "CC", "6_key_modline_gain" : 1.0, "6_key_modline_max" : 127, "6_key_modline_min" : 0, "6_key_modline_slew" : 0, "6_key_modline_source" : "Foot_On", "6_key_modline_table" : "Toggle_127", "6_key_name" : "STMP", "6_key_noteNum" : 66, "6_key_noteToggle" : 1, "6_key_noteVelocity" : 127, "6_key_pressureCC" : 111, "6_key_pressureSmooth" : 0, "6_key_programBank" : 0, "6_key_programNum" : 0, "6_key_setting_yAccel" : 85, "6_key_source" : "sourceToggle", "6_key_toggleCC" : 25, "6_key_toggleHi" : 127, "6_key_toggleLo" : 0, "6_key_xyLatch" : 0, "6_key_xyXCC" : 22, "6_key_xyYCC" : 23, "6_key_yIncCC" : 24, "6_key_yIncSpeed" : 0, "7_key_led_green" : "True", "7_key_led_red" : "None", "7_key_modline2_cc" : 0, "7_key_modline2_destination" : "None", "7_key_modline2_max" : 127, "7_key_modline2_min" : 1, "7_key_modline2_source" : "None", "7_key_modline_cc" : 50, "7_key_modline_destination" : "CC", "7_key_modline_gain" : 1.0, "7_key_modline_max" : 127, "7_key_modline_min" : 0, "7_key_modline_slew" : 0, "7_key_modline_source" : "Foot_On", "7_key_modline_table" : "Toggle_127", "7_key_name" : "MOD", "7_key_noteNum" : 67, "7_key_noteToggle" : 1, "7_key_noteVelocity" : 127, "7_key_pressureCC" : 112, "7_key_pressureSmooth" : 0, "7_key_programBank" : 0, "7_key_programNum" : 0, "7_key_setting_yAccel" : 85, "7_key_source" : "sourceToggle", "7_key_toggleCC" : 50, "7_key_toggleHi" : 127, "7_key_toggleLo" : 0, "7_key_xyLatch" : 0, "7_key_xyXCC" : 22, "7_key_xyYCC" : 23, "7_key_yIncCC" : 24, "7_key_yIncSpeed" : 0, "8_key_led_green" : "True", "8_key_led_red" : "None", "8_key_modline2_cc" : 0, "8_key_modline2_destination" : "None", "8_key_modline2_max" : 127, "8_key_modline2_min" : 1, "8_key_modline2_source" : "None", "8_key_modline_cc" : 28, "8_key_modline_destination" : "CC", "8_key_modline_gain" : 1.0, "8_key_modline_max" : 127, "8_key_modline_min" : 0, "8_key_modline_slew" : 0, "8_key_modline_source" : "Foot_On", "8_key_modline_table" : "Toggle_127", "8_key_name" : "DLY", "8_key_noteNum" : 68, "8_key_noteToggle" : 1, "8_key_noteVelocity" : 127, "8_key_pressureCC" : 28, "8_key_pressureSmooth" : 0, "8_key_programBank" : 0, "8_key_programNum" : 0, "8_key_setting_yAccel" : 85, "8_key_source" : "sourceToggle", "8_key_toggleCC" : 28, "8_key_toggleHi" : 127, "8_key_toggleLo" : 0, "8_key_xyLatch" : 0, "8_key_xyXCC" : 22, "8_key_xyYCC" : 23, "8_key_yIncCC" : 24, "8_key_yIncSpeed" : 0, "9_key_led_green" : "True", "9_key_led_red" : "None", "9_key_modline2_cc" : 0, "9_key_modline2_destination" : "None", "9_key_modline2_max" : 127, "9_key_modline2_min" : 1, "9_key_modline2_source" : "None", "9_key_modline_cc" : 36, "9_key_modline_destination" : "CC", "9_key_modline_gain" : 1.0, "9_key_modline_max" : 127, "9_key_modline_min" : 0, "9_key_modline_slew" : 0, "9_key_modline_source" : "Foot_On", "9_key_modline_table" : "Toggle_127", "9_key_name" : "REVB", "9_key_noteNum" : 69, "9_key_noteToggle" : 1, "9_key_noteVelocity" : 127, "9_key_pressureCC" : 26, "9_key_pressureSmooth" : 0, "9_key_programBank" : 0, "9_key_programNum" : 0, "9_key_setting_yAccel" : 85, "9_key_source" : "sourceToggle", "9_key_toggleCC" : 36, "9_key_toggleHi" : 127, "9_key_toggleLo" : 0, "9_key_xyLatch" : 0, "9_key_xyXCC" : 22, "9_key_xyYCC" : 23, "9_key_yIncCC" : 24, "9_key_yIncSpeed" : 0, "displayName" : "POD", "midiChannel" : 1, "navPadCC" : 0, "pedalCC" : 102, "useFactory" : "No" }, "Preset_008" : { "10_key_led_green" : "True", "10_key_led_red" : "None", "10_key_modline2_cc" : 40, "10_key_modline2_destination" : "CC", "10_key_modline2_max" : 127, "10_key_modline2_min" : 0, "10_key_modline2_source" : "Y_Live", "10_key_modline_cc" : 30, "10_key_modline_destination" : "CC", "10_key_modline_gain" : 1.0, "10_key_modline_max" : 127, "10_key_modline_min" : 0, "10_key_modline_slew" : 0, "10_key_modline_source" : "X_Live", "10_key_modline_table" : "1_Lin", "10_key_name" : "0KEY", "10_key_noteNum" : 70, "10_key_noteToggle" : 1, "10_key_noteVelocity" : 127, "10_key_pressureCC" : 20, "10_key_pressureSmooth" : 0, "10_key_programBank" : 0, "10_key_programNum" : 0, "10_key_setting_yAccel" : 85, "10_key_source" : "sourceXY", "10_key_toggleCC" : 21, "10_key_toggleHi" : 127, "10_key_toggleLo" : 0, "10_key_xyLatch" : 0, "10_key_xyXCC" : 30, "10_key_xyYCC" : 40, "10_key_yIncCC" : 24, "10_key_yIncSpeed" : 0, "1_key_led_green" : "True", "1_key_led_red" : "None", "1_key_modline2_cc" : 31, "1_key_modline2_destination" : "CC", "1_key_modline2_max" : 127, "1_key_modline2_min" : 0, "1_key_modline2_source" : "Y_Live", "1_key_modline_cc" : 21, "1_key_modline_destination" : "CC", "1_key_modline_gain" : 1.0, "1_key_modline_max" : 127, "1_key_modline_min" : 0, "1_key_modline_slew" : 0, "1_key_modline_source" : "X_Live", "1_key_modline_table" : "1_Lin", "1_key_name" : "1KEY", "1_key_noteNum" : 61, "1_key_noteToggle" : 1, "1_key_noteVelocity" : 127, "1_key_pressureCC" : 20, "1_key_pressureSmooth" : 0, "1_key_programBank" : 0, "1_key_programNum" : 0, "1_key_setting_yAccel" : 85, "1_key_source" : "sourceXY", "1_key_toggleCC" : 21, "1_key_toggleHi" : 127, "1_key_toggleLo" : 0, "1_key_xyLatch" : 0, "1_key_xyXCC" : 21, "1_key_xyYCC" : 31, "1_key_yIncCC" : 24, "1_key_yIncSpeed" : 0, "2_key_led_green" : "True", "2_key_led_red" : "None", "2_key_modline2_cc" : 32, "2_key_modline2_destination" : "CC", "2_key_modline2_max" : 127, "2_key_modline2_min" : 0, "2_key_modline2_source" : "Y_Live", "2_key_modline_cc" : 22, "2_key_modline_destination" : "CC", "2_key_modline_gain" : 1.0, "2_key_modline_max" : 127, "2_key_modline_min" : 0, "2_key_modline_slew" : 0, "2_key_modline_source" : "X_Live", "2_key_modline_table" : "1_Lin", "2_key_name" : "2KEY", "2_key_noteNum" : 62, "2_key_noteToggle" : 1, "2_key_noteVelocity" : 127, "2_key_pressureCC" : 20, "2_key_pressureSmooth" : 0, "2_key_programBank" : 0, "2_key_programNum" : 0, "2_key_setting_yAccel" : 85, "2_key_source" : "sourceXY", "2_key_toggleCC" : 21, "2_key_toggleHi" : 127, "2_key_toggleLo" : 0, "2_key_xyLatch" : 0, "2_key_xyXCC" : 22, "2_key_xyYCC" : 32, "2_key_yIncCC" : 24, "2_key_yIncSpeed" : 0, "3_key_led_green" : "True", "3_key_led_red" : "None", "3_key_modline2_cc" : 33, "3_key_modline2_destination" : "CC", "3_key_modline2_max" : 127, "3_key_modline2_min" : 0, "3_key_modline2_source" : "Y_Live", "3_key_modline_cc" : 23, "3_key_modline_destination" : "CC", "3_key_modline_gain" : 1.0, "3_key_modline_max" : 127, "3_key_modline_min" : 0, "3_key_modline_slew" : 0, "3_key_modline_source" : "X_Live", "3_key_modline_table" : "1_Lin", "3_key_name" : "3KEY", "3_key_noteNum" : 63, "3_key_noteToggle" : 1, "3_key_noteVelocity" : 127, "3_key_pressureCC" : 20, "3_key_pressureSmooth" : 0, "3_key_programBank" : 0, "3_key_programNum" : 0, "3_key_setting_yAccel" : 85, "3_key_source" : "sourceXY", "3_key_toggleCC" : 21, "3_key_toggleHi" : 127, "3_key_toggleLo" : 0, "3_key_xyLatch" : 0, "3_key_xyXCC" : 23, "3_key_xyYCC" : 33, "3_key_yIncCC" : 24, "3_key_yIncSpeed" : 0, "4_key_led_green" : "True", "4_key_led_red" : "None", "4_key_modline2_cc" : 34, "4_key_modline2_destination" : "CC", "4_key_modline2_max" : 127, "4_key_modline2_min" : 0, "4_key_modline2_source" : "Y_Live", "4_key_modline_cc" : 24, "4_key_modline_destination" : "CC", "4_key_modline_gain" : 1.0, "4_key_modline_max" : 127, "4_key_modline_min" : 0, "4_key_modline_slew" : 0, "4_key_modline_source" : "X_Live", "4_key_modline_table" : "1_Lin", "4_key_name" : "4KEY", "4_key_noteNum" : 64, "4_key_noteToggle" : 1, "4_key_noteVelocity" : 127, "4_key_pressureCC" : 20, "4_key_pressureSmooth" : 0, "4_key_programBank" : 0, "4_key_programNum" : 0, "4_key_setting_yAccel" : 85, "4_key_source" : "sourceXY", "4_key_toggleCC" : 21, "4_key_toggleHi" : 127, "4_key_toggleLo" : 0, "4_key_xyLatch" : 0, "4_key_xyXCC" : 24, "4_key_xyYCC" : 34, "4_key_yIncCC" : 24, "4_key_yIncSpeed" : 0, "5_key_led_green" : "True", "5_key_led_red" : "None", "5_key_modline2_cc" : 35, "5_key_modline2_destination" : "CC", "5_key_modline2_max" : 127, "5_key_modline2_min" : 0, "5_key_modline2_source" : "Y_Live", "5_key_modline_cc" : 25, "5_key_modline_destination" : "CC", "5_key_modline_gain" : 1.0, "5_key_modline_max" : 127, "5_key_modline_min" : 0, "5_key_modline_slew" : 0, "5_key_modline_source" : "X_Live", "5_key_modline_table" : "1_Lin", "5_key_name" : "5KEY", "5_key_noteNum" : 65, "5_key_noteToggle" : 1, "5_key_noteVelocity" : 127, "5_key_pressureCC" : 20, "5_key_pressureSmooth" : 0, "5_key_programBank" : 0, "5_key_programNum" : 0, "5_key_setting_yAccel" : 85, "5_key_source" : "sourceXY", "5_key_toggleCC" : 21, "5_key_toggleHi" : 127, "5_key_toggleLo" : 0, "5_key_xyLatch" : 0, "5_key_xyXCC" : 25, "5_key_xyYCC" : 35, "5_key_yIncCC" : 24, "5_key_yIncSpeed" : 0, "6_key_led_green" : "True", "6_key_led_red" : "None", "6_key_modline2_cc" : 36, "6_key_modline2_destination" : "CC", "6_key_modline2_max" : 127, "6_key_modline2_min" : 0, "6_key_modline2_source" : "Y_Live", "6_key_modline_cc" : 26, "6_key_modline_destination" : "CC", "6_key_modline_gain" : 1.0, "6_key_modline_max" : 127, "6_key_modline_min" : 0, "6_key_modline_slew" : 0, "6_key_modline_source" : "X_Live", "6_key_modline_table" : "1_Lin", "6_key_name" : "6KEY", "6_key_noteNum" : 66, "6_key_noteToggle" : 1, "6_key_noteVelocity" : 127, "6_key_pressureCC" : 20, "6_key_pressureSmooth" : 0, "6_key_programBank" : 0, "6_key_programNum" : 0, "6_key_setting_yAccel" : 85, "6_key_source" : "sourceXY", "6_key_toggleCC" : 21, "6_key_toggleHi" : 127, "6_key_toggleLo" : 0, "6_key_xyLatch" : 0, "6_key_xyXCC" : 26, "6_key_xyYCC" : 36, "6_key_yIncCC" : 24, "6_key_yIncSpeed" : 0, "7_key_led_green" : "True", "7_key_led_red" : "None", "7_key_modline2_cc" : 37, "7_key_modline2_destination" : "CC", "7_key_modline2_max" : 127, "7_key_modline2_min" : 0, "7_key_modline2_source" : "Y_Live", "7_key_modline_cc" : 27, "7_key_modline_destination" : "CC", "7_key_modline_gain" : 1.0, "7_key_modline_max" : 127, "7_key_modline_min" : 0, "7_key_modline_slew" : 0, "7_key_modline_source" : "X_Live", "7_key_modline_table" : "1_Lin", "7_key_name" : "7KEY", "7_key_noteNum" : 67, "7_key_noteToggle" : 1, "7_key_noteVelocity" : 127, "7_key_pressureCC" : 20, "7_key_pressureSmooth" : 0, "7_key_programBank" : 0, "7_key_programNum" : 0, "7_key_setting_yAccel" : 85, "7_key_source" : "sourceXY", "7_key_toggleCC" : 21, "7_key_toggleHi" : 127, "7_key_toggleLo" : 0, "7_key_xyLatch" : 0, "7_key_xyXCC" : 27, "7_key_xyYCC" : 37, "7_key_yIncCC" : 24, "7_key_yIncSpeed" : 0, "8_key_led_green" : "True", "8_key_led_red" : "None", "8_key_modline2_cc" : 38, "8_key_modline2_destination" : "CC", "8_key_modline2_max" : 127, "8_key_modline2_min" : 0, "8_key_modline2_source" : "Y_Live", "8_key_modline_cc" : 28, "8_key_modline_destination" : "CC", "8_key_modline_gain" : 1.0, "8_key_modline_max" : 127, "8_key_modline_min" : 0, "8_key_modline_slew" : 0, "8_key_modline_source" : "X_Live", "8_key_modline_table" : "1_Lin", "8_key_name" : "8KEY", "8_key_noteNum" : 68, "8_key_noteToggle" : 1, "8_key_noteVelocity" : 127, "8_key_pressureCC" : 20, "8_key_pressureSmooth" : 0, "8_key_programBank" : 0, "8_key_programNum" : 0, "8_key_setting_yAccel" : 85, "8_key_source" : "sourceXY", "8_key_toggleCC" : 21, "8_key_toggleHi" : 127, "8_key_toggleLo" : 0, "8_key_xyLatch" : 0, "8_key_xyXCC" : 28, "8_key_xyYCC" : 38, "8_key_yIncCC" : 24, "8_key_yIncSpeed" : 0, "9_key_led_green" : "True", "9_key_led_red" : "None", "9_key_modline2_cc" : 39, "9_key_modline2_destination" : "CC", "9_key_modline2_max" : 127, "9_key_modline2_min" : 0, "9_key_modline2_source" : "Y_Live", "9_key_modline_cc" : 29, "9_key_modline_destination" : "CC", "9_key_modline_gain" : 1.0, "9_key_modline_max" : 127, "9_key_modline_min" : 0, "9_key_modline_slew" : 0, "9_key_modline_source" : "X_Live", "9_key_modline_table" : "1_Lin", "9_key_name" : "9KEY", "9_key_noteNum" : 69, "9_key_noteToggle" : 1, "9_key_noteVelocity" : 127, "9_key_pressureCC" : 20, "9_key_pressureSmooth" : 0, "9_key_programBank" : 0, "9_key_programNum" : 0, "9_key_setting_yAccel" : 85, "9_key_source" : "sourceXY", "9_key_toggleCC" : 21, "9_key_toggleHi" : 127, "9_key_toggleLo" : 0, "9_key_xyLatch" : 0, "9_key_xyXCC" : 29, "9_key_xyYCC" : 39, "9_key_yIncCC" : 24, "9_key_yIncSpeed" : 0, "displayName" : "XYLV", "midiChannel" : 1, "navPadCC" : 0, "pedalCC" : 102, "useFactory" : "No" }, "Preset_009" : { "10_key_led_green" : "None", "10_key_led_red" : "None", "10_key_modline2_cc" : 0, "10_key_modline2_destination" : "None", "10_key_modline2_max" : 127, "10_key_modline2_min" : 1, "10_key_modline2_source" : "None", "10_key_modline_cc" : 0, "10_key_modline_destination" : "None", "10_key_modline_gain" : 1.0, "10_key_modline_max" : 127, "10_key_modline_min" : 1, "10_key_modline_slew" : 0, "10_key_modline_source" : "None", "10_key_modline_table" : "1_Lin", "10_key_name" : "0KEY", "10_key_noteNum" : 70, "10_key_noteToggle" : 1, "10_key_noteVelocity" : 127, "10_key_pressureCC" : 20, "10_key_pressureSmooth" : 0, "10_key_programBank" : 0, "10_key_programNum" : 0, "10_key_setting_yAccel" : 85, "10_key_source" : "None", "10_key_toggleCC" : 21, "10_key_toggleHi" : 127, "10_key_toggleLo" : 0, "10_key_xyLatch" : 0, "10_key_xyXCC" : 22, "10_key_xyYCC" : 23, "10_key_yIncCC" : 24, "10_key_yIncSpeed" : 0, "1_key_led_green" : "None", "1_key_led_red" : "None", "1_key_modline2_cc" : 0, "1_key_modline2_destination" : "None", "1_key_modline2_max" : 127, "1_key_modline2_min" : 1, "1_key_modline2_source" : "None", "1_key_modline_cc" : 0, "1_key_modline_destination" : "None", "1_key_modline_gain" : 1.0, "1_key_modline_max" : 127, "1_key_modline_min" : 1, "1_key_modline_slew" : 0, "1_key_modline_source" : "None", "1_key_modline_table" : "1_Lin", "1_key_name" : "1KEY", "1_key_noteNum" : 61, "1_key_noteToggle" : 1, "1_key_noteVelocity" : 127, "1_key_pressureCC" : 20, "1_key_pressureSmooth" : 0, "1_key_programBank" : 0, "1_key_programNum" : 0, "1_key_setting_yAccel" : 85, "1_key_source" : "None", "1_key_toggleCC" : 21, "1_key_toggleHi" : 127, "1_key_toggleLo" : 0, "1_key_xyLatch" : 0, "1_key_xyXCC" : 22, "1_key_xyYCC" : 23, "1_key_yIncCC" : 24, "1_key_yIncSpeed" : 0, "2_key_led_green" : "None", "2_key_led_red" : "None", "2_key_modline2_cc" : 0, "2_key_modline2_destination" : "None", "2_key_modline2_max" : 127, "2_key_modline2_min" : 1, "2_key_modline2_source" : "None", "2_key_modline_cc" : 0, "2_key_modline_destination" : "None", "2_key_modline_gain" : 1.0, "2_key_modline_max" : 127, "2_key_modline_min" : 1, "2_key_modline_slew" : 0, "2_key_modline_source" : "None", "2_key_modline_table" : "1_Lin", "2_key_name" : "2KEY", "2_key_noteNum" : 62, "2_key_noteToggle" : 1, "2_key_noteVelocity" : 127, "2_key_pressureCC" : 20, "2_key_pressureSmooth" : 0, "2_key_programBank" : 0, "2_key_programNum" : 0, "2_key_setting_yAccel" : 85, "2_key_source" : "None", "2_key_toggleCC" : 21, "2_key_toggleHi" : 127, "2_key_toggleLo" : 0, "2_key_xyLatch" : 0, "2_key_xyXCC" : 22, "2_key_xyYCC" : 23, "2_key_yIncCC" : 24, "2_key_yIncSpeed" : 0, "3_key_led_green" : "None", "3_key_led_red" : "None", "3_key_modline2_cc" : 0, "3_key_modline2_destination" : "None", "3_key_modline2_max" : 127, "3_key_modline2_min" : 1, "3_key_modline2_source" : "None", "3_key_modline_cc" : 0, "3_key_modline_destination" : "None", "3_key_modline_gain" : 1.0, "3_key_modline_max" : 127, "3_key_modline_min" : 1, "3_key_modline_slew" : 0, "3_key_modline_source" : "None", "3_key_modline_table" : "1_Lin", "3_key_name" : "3KEY", "3_key_noteNum" : 63, "3_key_noteToggle" : 1, "3_key_noteVelocity" : 127, "3_key_pressureCC" : 20, "3_key_pressureSmooth" : 0, "3_key_programBank" : 0, "3_key_programNum" : 0, "3_key_setting_yAccel" : 85, "3_key_source" : "None", "3_key_toggleCC" : 21, "3_key_toggleHi" : 127, "3_key_toggleLo" : 0, "3_key_xyLatch" : 0, "3_key_xyXCC" : 22, "3_key_xyYCC" : 23, "3_key_yIncCC" : 24, "3_key_yIncSpeed" : 0, "4_key_led_green" : "None", "4_key_led_red" : "None", "4_key_modline2_cc" : 0, "4_key_modline2_destination" : "None", "4_key_modline2_max" : 127, "4_key_modline2_min" : 1, "4_key_modline2_source" : "None", "4_key_modline_cc" : 0, "4_key_modline_destination" : "None", "4_key_modline_gain" : 1.0, "4_key_modline_max" : 127, "4_key_modline_min" : 1, "4_key_modline_slew" : 0, "4_key_modline_source" : "None", "4_key_modline_table" : "1_Lin", "4_key_name" : "4KEY", "4_key_noteNum" : 64, "4_key_noteToggle" : 1, "4_key_noteVelocity" : 127, "4_key_pressureCC" : 20, "4_key_pressureSmooth" : 0, "4_key_programBank" : 0, "4_key_programNum" : 0, "4_key_setting_yAccel" : 85, "4_key_source" : "None", "4_key_toggleCC" : 21, "4_key_toggleHi" : 127, "4_key_toggleLo" : 0, "4_key_xyLatch" : 0, "4_key_xyXCC" : 22, "4_key_xyYCC" : 23, "4_key_yIncCC" : 24, "4_key_yIncSpeed" : 0, "5_key_led_green" : "None", "5_key_led_red" : "None", "5_key_modline2_cc" : 0, "5_key_modline2_destination" : "None", "5_key_modline2_max" : 127, "5_key_modline2_min" : 1, "5_key_modline2_source" : "None", "5_key_modline_cc" : 0, "5_key_modline_destination" : "None", "5_key_modline_gain" : 1.0, "5_key_modline_max" : 127, "5_key_modline_min" : 1, "5_key_modline_slew" : 0, "5_key_modline_source" : "None", "5_key_modline_table" : "1_Lin", "5_key_name" : "5KEY", "5_key_noteNum" : 65, "5_key_noteToggle" : 1, "5_key_noteVelocity" : 127, "5_key_pressureCC" : 20, "5_key_pressureSmooth" : 0, "5_key_programBank" : 0, "5_key_programNum" : 0, "5_key_setting_yAccel" : 85, "5_key_source" : "None", "5_key_toggleCC" : 21, "5_key_toggleHi" : 127, "5_key_toggleLo" : 0, "5_key_xyLatch" : 0, "5_key_xyXCC" : 22, "5_key_xyYCC" : 23, "5_key_yIncCC" : 24, "5_key_yIncSpeed" : 0, "6_key_led_green" : "None", "6_key_led_red" : "None", "6_key_modline2_cc" : 0, "6_key_modline2_destination" : "None", "6_key_modline2_max" : 127, "6_key_modline2_min" : 1, "6_key_modline2_source" : "None", "6_key_modline_cc" : 0, "6_key_modline_destination" : "None", "6_key_modline_gain" : 1.0, "6_key_modline_max" : 127, "6_key_modline_min" : 1, "6_key_modline_slew" : 0, "6_key_modline_source" : "None", "6_key_modline_table" : "1_Lin", "6_key_name" : "6KEY", "6_key_noteNum" : 66, "6_key_noteToggle" : 1, "6_key_noteVelocity" : 127, "6_key_pressureCC" : 20, "6_key_pressureSmooth" : 0, "6_key_programBank" : 0, "6_key_programNum" : 0, "6_key_setting_yAccel" : 85, "6_key_source" : "None", "6_key_toggleCC" : 21, "6_key_toggleHi" : 127, "6_key_toggleLo" : 0, "6_key_xyLatch" : 0, "6_key_xyXCC" : 22, "6_key_xyYCC" : 23, "6_key_yIncCC" : 24, "6_key_yIncSpeed" : 0, "7_key_led_green" : "None", "7_key_led_red" : "None", "7_key_modline2_cc" : 0, "7_key_modline2_destination" : "None", "7_key_modline2_max" : 127, "7_key_modline2_min" : 1, "7_key_modline2_source" : "None", "7_key_modline_cc" : 0, "7_key_modline_destination" : "None", "7_key_modline_gain" : 1.0, "7_key_modline_max" : 127, "7_key_modline_min" : 1, "7_key_modline_slew" : 0, "7_key_modline_source" : "None", "7_key_modline_table" : "1_Lin", "7_key_name" : "7KEY", "7_key_noteNum" : 67, "7_key_noteToggle" : 1, "7_key_noteVelocity" : 127, "7_key_pressureCC" : 20, "7_key_pressureSmooth" : 0, "7_key_programBank" : 0, "7_key_programNum" : 0, "7_key_setting_yAccel" : 85, "7_key_source" : "None", "7_key_toggleCC" : 21, "7_key_toggleHi" : 127, "7_key_toggleLo" : 0, "7_key_xyLatch" : 0, "7_key_xyXCC" : 22, "7_key_xyYCC" : 23, "7_key_yIncCC" : 24, "7_key_yIncSpeed" : 0, "8_key_led_green" : "None", "8_key_led_red" : "None", "8_key_modline2_cc" : 0, "8_key_modline2_destination" : "None", "8_key_modline2_max" : 127, "8_key_modline2_min" : 1, "8_key_modline2_source" : "None", "8_key_modline_cc" : 0, "8_key_modline_destination" : "None", "8_key_modline_gain" : 1.0, "8_key_modline_max" : 127, "8_key_modline_min" : 1, "8_key_modline_slew" : 0, "8_key_modline_source" : "None", "8_key_modline_table" : "1_Lin", "8_key_name" : "8KEY", "8_key_noteNum" : 68, "8_key_noteToggle" : 1, "8_key_noteVelocity" : 127, "8_key_pressureCC" : 20, "8_key_pressureSmooth" : 0, "8_key_programBank" : 0, "8_key_programNum" : 0, "8_key_setting_yAccel" : 85, "8_key_source" : "None", "8_key_toggleCC" : 21, "8_key_toggleHi" : 127, "8_key_toggleLo" : 0, "8_key_xyLatch" : 0, "8_key_xyXCC" : 22, "8_key_xyYCC" : 23, "8_key_yIncCC" : 24, "8_key_yIncSpeed" : 0, "9_key_led_green" : "None", "9_key_led_red" : "None", "9_key_modline2_cc" : 0, "9_key_modline2_destination" : "None", "9_key_modline2_max" : 127, "9_key_modline2_min" : 1, "9_key_modline2_source" : "None", "9_key_modline_cc" : 0, "9_key_modline_destination" : "None", "9_key_modline_gain" : 1.0, "9_key_modline_max" : 127, "9_key_modline_min" : 1, "9_key_modline_slew" : 0, "9_key_modline_source" : "None", "9_key_modline_table" : "1_Lin", "9_key_name" : "9KEY", "9_key_noteNum" : 69, "9_key_noteToggle" : 1, "9_key_noteVelocity" : 127, "9_key_pressureCC" : 20, "9_key_pressureSmooth" : 0, "9_key_programBank" : 0, "9_key_programNum" : 0, "9_key_setting_yAccel" : 85, "9_key_source" : "None", "9_key_toggleCC" : 21, "9_key_toggleHi" : 127, "9_key_toggleLo" : 0, "9_key_xyLatch" : 0, "9_key_xyXCC" : 22, "9_key_xyYCC" : 23, "9_key_yIncCC" : 24, "9_key_yIncSpeed" : 0, "displayName" : "EASY", "midiChannel" : 1, "navPadCC" : 7, "pedalCC" : 26, "useFactory" : "Program Change" }, "backlight" : true, "sensitivity" : 1.0 }